ciqual_code,name,energy_kcal,protein_g,carbs_g,fat_g,sugars_g,sat_fat_g,fiber_g,salt_g
24999,Desert (average),,4.63,36.6,12.9,23.7,5.18,1.54,0.38
25601,Prepared mixed tuna and vegetable salad. canned,,9.15,7.74,4.7,3.08,0.56,2.7,1.11
25602,Prepared mixed meat/fish canned. salad,,8.06,6.4,5.3,1.9,0.16,2,0.95
25605,Greek-style marinated mushrooms. prepacked,,2.08,3.95,3.55,2.38,0.23,2.35,1.26
25606,Prepared potatoes salad. home-made,,2.68,9.9,8.2,,1.43,1.3,1.32
25608,Tabbouleh. prepacked,179,4.88,23.7,6.7,4.9,0.67,2.5,1
25609,Potato salad. piémontaise-style. prepacked,130,4.5,8.87,8.3,1.2,0.82,,1.08
25614,Prepared rice salad. canned,,5.13,16.1,4.35,1,0.53,1.7,1.1
25615,Prepared pasta salad. vegetarian,,5.7,13.7,8.1,2.3,2.37,1.7,1.04
25616,Salad. vegetable. without dressing (average),29.9,0.94,3.07,0.7,2.27,0.12,1.51,0.031
25619,Prepared pasta salad. with vegetable. meat or fish. prepacked,,5.19,14,9.94,2.16,1.74,1.98,0.95
25626,Mixed diced vegetables salad. w sauce. prepacked,,2.81,7,9.3,2.3,0.7,4.11,1.04
25628,Caesar's salad (salad. chicken. croûtons. sauce). prepacked,,8.13,4.88,10,1.71,2.36,2,0.75
25629,Salad. veggie. bulgur and/or quinoa-based. with vegetables. prepacked,168,3.79,17.4,8.3,4.61,0.92,3.3,0.77
26257,Grated carrots. w sauce. prepacked,,0.98,6.01,5,5.2,0.43,3.64,0.67
26258,Beetroot salad. w sauce. prepacked,,1.29,7.45,4.94,5.3,0.37,2.66,0.7
26259,Coleslaw. w sauce. prepacked,105,0.94,5.78,8.1,4.72,0.63,3,0.88
26260,Cucumber salad. w fresh cream cheese sauce. prepacked,,1.1,1.97,11.3,1.39,1.35,1.48,1.07
26261,Lentil salad w smoked sausage. prepacked,,7,8.9,11.8,0.9,0.9,3.6,0.89
26262,Greec salad. w sauce. prepacked,,2,1.4,7.1,1.4,2.7,2,1.04
26263,Rice salad. nicoise style. w sauce. prepacked,,4.45,15.8,6.08,1.35,0.63,1.5,0.76
26269,Tabbouleh with chicken. prepacked,,6.4,20.6,7.45,2.48,0.86,2.02,1.05
25900,Soup. lentils. prepacked. to be reheated,55,3.74,6.6,1.12,0.7,0.45,1.8,0.36
25901,Soup. chicken and vegetables. prepacked. to be reheated,30.8,3.09,2.6,0.8,1.2,0.3,0.4,1.75
25903,Soup. mixed vegetables. prepacked. to be reheated,39.4,0.76,5.05,1.56,1.72,0.55,1.1,0.69
25904,Soup. fish and/or crustacean. prepacked. to be reheated,42.8,3.45,2.88,1.79,0.9,0.58,0.69,0.86
25905,Soup. mixed vegetables. dehydrated and reconstituted,34.5,0.86,4.43,1.22,1.07,0.39,1.16,0.69
25907,Soup. leek and potato. prepacked. to be reheated,37.1,0.79,4.46,1.51,0.81,0.6,1.28,0.73
25908,Soup. chicken and vermicelli. prepacked. to be reheated,30.8,1.3,3.86,1,0.77,0.49,0.56,0.82
25909,Broth. stock or bouillon. meat and vegetables. dehydrated and reconstituted,4.8,0.2,0.1,0.4,0,0.2,0,1.08
25910,Soup. onions. prepacked. to be reheated,40.4,1.35,4.93,1.4,1.5,0.55,1.34,0.79
25912,Soup. mushrooms. prepacked. to be reheated,48.2,0.81,4.09,3.07,0.91,1.58,0.52,0.78
25913,Soup. carrots. prepacked. to be reheated,33.2,0.61,3.89,1.41,1.82,0.96,1.22,0.65
25914,Soup. tomatoes. prepacked. to be reheated,38.7,0.74,6.27,0.99,2.95,0.36,0.88,0.64
25915,Soup. chorba frik. w meat and frik,62.9,3.75,5.4,2.5,0.9,,1.9,0.84
25916,Soup. minestrone. prepacked. to be reheated,48.8,1.2,5.6,2,1.7,0.6,1.8,0.75
25917,Soup. pistou (basil. garlic and olive oil). dehydrated and reconstituted,30.4,1.2,5.2,0.35,1.2,,0.8,0.64
25919,Soup. fish and/or crustacean. dehydrated and reconstituted,29,0.91,5.09,0.5,1.06,0.14,0.21,0.63
25923,Soup. Asian-style with noodles. dehydrated and reconstituted,29.8,0.97,5.25,0.44,1.21,0.17,0.49,0.84
25924,Soup. Moroccan. dehydrated and reconstituted,34.3,1.2,5.77,0.55,1.49,0.23,0.72,0.8
25925,Soup. leek and potato. dehydrated and reconstituted,26.1,0.63,4.84,0.41,0.91,0.2,0.28,0.72
25928,Soup. chicken and vegetables. dehydrated and reconstituted,27.3,0.99,4.58,0.44,0.55,0.17,0.51,0.73
25930,Broth. stock or bouillon. beef. dehydrated and reconstituted,9.05,0.6,1.33,0.15,0.33,0.057,0,0.74
25932,Soup. asparagus. dehydrated and reconstituted,35.3,0.6,5.14,1.31,0.99,0.73,0.28,0.76
25933,Soup. tomatoes and vermicelli. prepacked. to be reheated,37.7,1.1,5.87,0.8,3.43,0.5,1.3,0.77
25934,Soup. cereals and vegetables. dehydrated and reconstituted,47.8,1.4,6.8,1.4,1.2,0.8,1.2,0.78
25935,Soup. tomatoes. dehydrated and reconstituted,36.2,0.76,5.79,0.97,2.44,0.32,0.64,0.69
25936,Soup. mushrooms. dehydrated and reconstituted,37.8,0.65,4.37,1.79,0.63,0.73,0.82,0.79
25942,Soup. onions. dehydrated and reconstituted,24,0.58,4.37,0.4,1.3,0.23,0.31,0.79
25945,Soup. pumpkin. prepacked. to be reheated,35.9,0.67,4.13,1.56,2.37,0.88,1.31,0.65
25947,Broth. stock or bouillon. poultry. dehydrated and reconstituted,5.58,0.6,0.5,0.13,0.18,0.083,,0.78
25948,Broth. stock or bouillon. vegetables. dehydrated and reconstituted,5.38,0.34,0.65,0.16,0.19,0.14,0,0.61
25949,Soup. tomato and vermicelli. dehydrated and reconstituted,21.6,0.63,4.21,0.18,0.72,0.099,0.32,0.68
25950,Soup. chicken and vermicelli. dehydrated and reconstituted,21.3,0.75,3.87,0.25,0.31,0.081,0.26,0.68
25953,Soup. pistou (basil. garlic and olive oil). prepacked. to be reheated,31.9,2,4.1,0.5,,0.2,1.5,0.65
25954,Soup. pumpkin. dehydrated and reconstituted,38.3,0.79,5.61,1.24,2.64,0.61,0.76,0.7
25955,Soup. Asian-style with noodles. prepacked. to be reheated,22.3,0.7,3.4,0.5,0.5,0.2,0.7,0.9
25956,Soup. minestrone. dehydrated and reconstituted,31.3,1.14,5.53,0.34,1.07,0.02,0.79,0.7
25957,Soup. watercress. dehydrated and reconstituted,25.1,0.42,3.95,0.8,0.31,0.42,0.19,0.77
25958,Soup. watercress. prepacked. to be reheated,34,1,5.4,0.8,0.9,0.5,0.6,0.78
25962,Soup. vegetables with cheese. prepacked. to be reheated,50.2,1.34,5.09,2.51,1.62,1.58,0.93,0.67
25963,Soup. green vegetables. prepacked. to be reheated,33.4,1,3.84,1.32,0.81,0.64,1.05,0.7
25964,Soup. green vegetables. dehydrated and reconstituted,34.8,0.72,5.31,1.07,1.07,0.71,0.54,0.66
25965,Soup. split peas. prepacked. to be reheated,56.7,2.68,6.25,1.98,1.02,0.67,1.6,0.7
25967,Soup. gazpacho. cold. prepacked,32.8,0.65,3.38,1.62,2.32,0.27,1.04,0.75
25968,Soup. asparagus. prepacked. to be reheated,133,4.6,4.7,10.4,2.9,5.1,1,0.98
25969,Soup (average),37.4,1.27,4.5,1.37,1.6,0.57,1.02,0.75
25972,Miso soup. dehydrated. reconstituted,17.1,1.38,2.18,,0.69,,,1.1
8601,Caen-style tripe,116,20.4,0.3,3.68,traces,1.29,0,1.06
8602,Caen-style tripe. prepacked,112,18.4,0.7,3.62,0.5,2.1,1.25,1.03
8612,Provencal-type tripe (with tomato),94.1,15.7,0.6,3.2,,1.64,0,1.23
25001,Veal stew in white sauce,113,15.4,3.1,4,0.3,2.03,0.8,0.74
25033,Burgundy-style beef stew,84.6,8.93,4.17,3.3,1.57,0.88,1.25,0.88
25035,Sauté of lamb w curry. prepacked,,10.5,,13.9,,6.7,1,1.29
25058,Duck with sauce (green pepper sauce. hunter-style sauce.etc.) . prepacked,145,9.55,10.2,7.3,,,traces,
25063,Rabbit with mustard sauce. prepacked,108,14.9,0.5,5,0.5,2.1,0.8,1.2
25121,Cockerel in red wine sauce,133,13,4,7,1,1,0.9,1.05
25125,Veal olive or veal paupiette,193,14.5,2.6,13.8,0.41,5.45,0.2,1.26
25126,Poultry paupiette,164,23.9,8.8,3.4,,0.65,1.17,1.05
25172,Meat in sauce (average),104,11.3,3.65,4.6,1.34,1.8,1.08,0.85
25174,Chicken with curry and coconut milk sauce,124,10.6,3.15,6.9,1.49,3.03,1.1,1.07
25175,Molokhia. jute and beef-based meal. home-made,189,10.6,1.2,14.7,1.2,,4.7,0.93
25200,Devilled pork shoulder in mustard sauce. prepacked,120,13.5,2.08,6.07,1.38,2.2,1.45,2.25
25201,Beef tongue with Madeira wine sauce. prepacked,180,9.5,4.5,13.5,2.5,6,1,1.08
25207,Pork with caramel sauce. prepacked,136,10,11.4,5.4,7.9,1.44,0.7,1.34
25211,Meat balls. beef. with tomato sauce. prepacked,117,9,5.5,6.5,,,traces,
25213,Veal paupiette. prepacked. cooked in oven,276,22,0.48,20.5,0.3,8.19,0.9,1.07
25538,Beef carpaccio. w marinade,271,15.2,0.55,23,0.5,7.38,0.36,1.12
25565,Yakitori (grilled meat on skewers. Japanese-style. with sauce),172,26,9.3,3.3,6.6,1.2,0.6,1.19
25585,Beef on skewer. with vegetables (onion. sweet pepper…). cooked,139,21.9,0.33,5.2,,1.8,,0.86
25586,Poultry on skewer. with vegetables (onion. sweet pepper…). cooked,137,23.1,1.39,4,,1.02,,0.75
25009,Shepherd's pie or cottage pie with meat. prepacked,138,5.99,9.39,8.22,1.47,4.7,1.43,0.83
25029,Couscous w mutton,149,8.31,12.2,7.2,1.38,,1.3,0.81
25043,Couscous with meat or chicken. light. prepacked,90.7,5.9,11.5,1.9,2.1,0.4,2,0.7
25057,Pre-fried potatoes. pan-fried. lardoons or chicken. and other. without green vegetables. prepacked,168,3.2,16.2,9.6,1.7,2.9,2.1,0.6
25127,Couscous royal (with different meats). prepacked,132,7.69,14,4.53,1.57,1.54,2.1,0.88
25138,Couscous w chicken,130,7.5,15.6,3.85,2.87,1.17,1.47,0.79
25152,Couscous w meat. prepacked,128,7.59,12.5,4.73,1.97,1.24,2.53,0.78
25195,Shepherd's pie with duck. prepacked,146,6.82,8.51,9.06,1.96,4.5,1.55,0.81
25587,Shepherd's pie with duck. prepacked. cooked,168,7,10.5,10.2,1.7,4.7,1.2,0.74
25002,White bean stew. canned,129,8.06,9.41,5.77,1.06,2.07,3.55,0.97
25003,Sauerkraut. with garnish. prepacked,109,5.06,2.8,8.06,0.66,3.22,2.71,1.39
25010,Salt-cured pork belly with lentils. prepacked,118,8.24,8.89,4.87,1.51,1.89,2.83,0.98
25013,Boiled meat with vegetables. prepacked,77.5,10.9,3.2,2.02,1.5,0.82,1.5,0.32
25065,Beef stew with carrots,96.6,13.2,3.3,3.15,0.6,1.21,1.1,0.58
25071,Pork sausage stew with cabbage. carrots and potatoes,82.1,6,3.7,4.3,0.86,1.57,2.3,0.84
25098,White bean stew. with pork. canned,132,8.3,8.6,6.3,1.8,2.2,4,1.1
25099,White bean stew. with duck or goose. canned,161,10.5,10.1,7.86,1.09,2.43,3.86,1.05
25103,Stuffed tomatoes,122,5.49,2,9.67,0.88,3.24,2.31,0.7
25106,Stuffed cabbage. prepacked,94.9,5.3,2,6.6,2,,3.13,0.87
25111,Chili con carne. prepacked,118,7.13,13,3.35,2.58,1.13,3.56,0.93
25123,Moussaka,147,5.82,5.16,10.8,3.01,3.37,2.84,0.97
25124,Stewed lamb garnished with potatoes and other vegetables,133,8.05,5,8.61,0.9,1.4,1.65,0.63
25159,Mutton tagine,132,12.8,4.5,6.83,2.4,2.73,,0.99
25164,Osso buco,96.7,11.2,3.5,4.08,1.1,0.8,0.6,1.47
25190,Chicken. Basque style. prepacked,107,9.3,2.5,6.4,2,1.7,1.3,0.89
25204,Chicken tagine. prepacked,127,7.54,14.4,3.7,6.8,0.4,3,1.17
25205,Chop suey (pork or chicken). prepacked,78.2,5,7.8,3,,,traces,
25511,Stuffed vegetables (excluding tomato),69.8,6.4,3.6,3,2.59,0.46,1.4,0.69
10082,Mussels. in a shallot and white wine broth,92,10.3,7.43,2.24,1.05,0.99,0.53,0.69
10083,Mussels. filled (fat. parsley and garlic…). prepacked,284,9.56,4.43,24.8,0.3,16.6,1.26,1.08
25037,Fish or seafood au gratin. intended to be cook. prepacked,105,6.13,8.39,5.1,2.48,3.18,0.5,0.82
25038,Fish and shrimp 'au gratin'. previously frozen. prepacked,117,6.69,5.28,7.5,1.6,4.82,0.7,0.92
25077,Salmon with sorrel. prepacked,133,8.36,7.43,7.65,0.58,3.19,0.73,0.69
25086,Fish w bordelaise sauce. prepacked,176,14.8,5.3,10.4,1.09,2.3,1,1.28
25128,White fish with Provencal-style sauce (tomato sauce). prepacked,75.2,9.31,3.1,2.3,2,0.42,2.4,0.7
25140,White fish with Florentine-style sauce (spinach sauce). prepacked,100,11.4,2.9,4.35,1.95,2.75,2,0.56
25141,White fish with shallots. mussels and white wine sauce. prepacked,80,11.5,2.2,2.8,,,traces,
25142,White fish with mustard sauce. prepacked,90.8,9.2,5.4,3.6,,,0,
25143,White fish with Parisian-style sauce (mushrooms sauce). prepacked,79.9,9.16,3,3.25,0.86,1.56,1,0.55
25145,White fish with tarragon sauce. prepacked,77.2,8.8,4.2,2.8,,,0,
25146,White fish with sorrel sauce. prepacked,114,11.8,3.9,5.5,1.65,3.31,1,0.88
25210,Stuffed salmon. prepacked,227,18.8,0.4,16.2,0.4,3.8,2.4,0.65
25539,Fish on skewer,127,18,0.86,5.71,0.85,0.98,0.29,0.56
25540,Shrimps on skewer,93.5,18.5,1.5,1.5,0,0.1,0,0.35
26054,Fish. in sauce. frozen,132,13.3,3.18,7.05,1.3,2.84,1.25,0.82
26140,Fish. cooked (average),144,23.5,0,5.52,0,1.21,0,0.54
26249,Fish. white. without skin. cooked,107,22,0,2.18,0,0.44,0,0.88
26250,Marine fish. white. without skin. cooked,106,22.1,0,2,0,0.38,0,0.98
25031,Paëlla,148,7.86,17.1,4.9,1.2,1.28,1.85,0.87
25107,Couscous w fish,105,7.5,14.2,1.6,1.7,0.2,1.7,0.84
25154,Fish brandade or fish shepherd's pie. prepacked,117,6.39,8.57,6.15,1.62,3.68,1.1,0.81
25456,Sushi or maki with seafood products,171,6.69,26.9,3.7,4.93,0.6,0.9,0.55
8296,Vegetable terrine or mousse,,4.05,5.6,9.56,1.77,3.43,2.55,1.31
8297,Vegetable flan,,5.38,4.13,18.6,2.06,10.8,2.3,0.89
20194,Haricot beans with tomato sauce. canned,,4.67,10.1,0.4,1.65,0.16,5.5,0.93
20240,Piperade. Basque-style (fondue of sweet peppers and tomatoes flavoured with onions and garlic). prepacked,,1.1,6.5,3.8,4.9,2,3.4,0.76
20262,Vegetables pan-fried without mushrooms. frozen. raw,81.2,2.6,12.1,1.77,1.5,0.4,3.6,1.25
20273,Vegetables pan-fried or stir-fried. Asian-style. frozen. raw,,3.13,5.83,3.93,3.1,0.48,2.55,0.44
20274,Grilled vegetables pan-fried. Mediterranean-style. frozen. raw,,1.61,4.33,1.77,2.66,0.14,4.14,0.25
20498,Vegetables pan-fried with mushrooms (country-style). frozen,,1.89,3.59,1.21,1.81,0.22,2.94,0.35
25018,Ratatouille cooked. prepacked,,1.22,4.97,3.15,3.91,0.47,2.03,0.94
25026,Spinach w cream sauce. prepacked,,2.5,4.1,2.9,1.19,1.82,1.9,0.72
25052,Eggplant au gratin. prepacked (oven grilled),,1.95,5.45,8.68,3.8,1.3,2.35,0.45
25056,"Dauphiné-style creamed potatoes ""au gratin""",,3.38,14.5,4.2,2.08,2.67,1.5,0.81
25073,Chicory w ham,,7.44,4.71,6.3,1.98,3.77,1.5,0.65
25101,Cauliflower au gratin (oven grilled). prepacked,,3,3.3,6.5,0.88,4,1.3,1.07
25162,Vegetables au gratin (oven grilled),,3.44,6.91,6.7,3.42,3.41,1.7,0.57
25196,Riste (Eggplant. tomatoes. onions). prepacked,,1.05,10.6,10.4,5.2,2,2.6,1.19
25199,Vegetable rosti. pre-fried. frozen,,3.29,10.7,5.44,3.34,1.13,2.61,0.94
25208,Vegetable rosti. pre-fried. frozen. cooked,,3.31,8.45,5.7,3,0.64,2.6,0.75
25220,Sauerkraut. without garnish. drained. cooked,75.3,1.38,,6.6,,2.02,4.5,1.26
25524,Provencal-style tomato (breaded tomatoes stuffed with garlic and parsley). home-made,,1.65,6.55,4.32,2.71,0.94,2,0.47
25556,Vegetable fritters,,3.52,23,8.52,3.03,0.99,1.95,0.69
25571,Falafel,252,8.25,18.7,14.4,1.4,1.5,7.7,1.6
25588,Vegetables au gratin (oven grilled) in bechamel sauce,,3.64,6.74,6.5,3.2,3.48,1,0.64
25590,Falafel. prepacked,211,7.38,17.7,10.8,3.57,1.28,6,0.87
9082,Durum wheat. pre-cooked. cooked. in a microwaveable bag,188,4.93,29.5,4.84,2.21,1.11,2.58,1.16
9083,Durum wheat pre-cooked. whole grain. cooked. to pan-fry,344,11.1,67.2,1.59,2.64,0.69,6.28,1.51
25019,Ravioli filled with meat. in tomato sauce. canned,95.3,4.22,12.5,2.83,2.23,1.14,1.41,0.96
25081,Lasagna or cannelloni with meat (bolognese sauce),134,6.29,13.5,5.72,2.84,2.55,1.91,0.97
25085,Bolognese-style pasta (spaghetti. tagliatelle…),116,5.32,13.6,4.07,2.64,1.42,1.9,0.83
25088,Cantonese rice,164,5.46,23.6,4.94,1.28,0.75,1.74,0.86
25110,Dumplings. steamed. with shrimps. cooked,190,5.5,27.8,5.5,1.1,1.55,3.6,0.96
25122,Pasta au gratin (oven grilled),179,7.06,16.4,9.2,2.19,4.85,1,0.85
25131,Lasagna or cannelloni with vegetables. prepacked,103,2.75,11,4.85,4.75,1.5,2.25,0.57
25135,Carbonara-style pasta (spaghetti. tagliatelle…),161,5.91,14.2,8.7,1.79,4.34,1.18,0.86
25139,Lasagna or cannelloni with fish. prepacked,148,7.28,13,7.1,2.03,2.5,1.68,1.02
25149,Fresh pasta. stuffed with cheese (e.g. ravioli). cooked,226,10,26.8,8.3,4.4,4.64,1.9,0.79
25150,Couscous with vegetables. prepacked,108,4.32,16.4,2.25,2.54,0.8,2.24,0.73
25155,Fresh pasta. stuffed with cheese and vegetables (e.g. ravioli). cooked. prepacked,219,7.94,27.8,7.5,3.53,2.36,3.4,1.05
25157,Fresh pasta. stuffed with meat (e.g. bolognese-style ravioli). prepacked. raw,265,11.4,40.3,5.79,3.91,2.45,3.15,1.28
25158,Fresh pasta. stuffed with meat (e.g. bolognese-style ravioli). prepacked. cooked,174,6.94,25.1,4.65,1,1.65,2.15,0.52
25181,Fresh pasta. stuffed with cheese (e.g. ravioli. prepacked. raw,268,11.3,37.3,7.69,3.83,4.28,2.23,1.13
25182,Fresh pasta. stuffed with cheese and vegetables (e.g. ravioli). prepacked. raw,262,9.98,41.4,5.69,3.46,2.74,2.87,1.07
25183,Noodles with shrimps sautéed/pan-fried,104,4.88,12.6,3.4,1.7,1.16,1.6,0.84
25184,White rice. with chicken. prepacked. cooked,175,4.23,31.5,3.19,3.48,0.52,0.99,0.78
25185,White rice. cooked. with vegetables and meat. prepacked,167,4.61,28.3,3.57,1.91,0.69,0.98,0.85
25187,Risotto. w vegetables. prepacked,120,2.74,18.4,3.8,0.85,2,,0.76
25188,Risotto. w seafood. prepacked,130,5.47,12.5,6.07,2.02,2.92,1.15,0.85
25189,Risotto. w cheeses. prepacked,195,5.65,30.9,5.16,0.58,2.49,0.7,0.82
25192,Ravioli filled with vegetables. in tomato sauce. canned,91.1,2.88,13.5,2.45,2.83,0.48,1.7,0.76
25193,Fresh pasta. stuffed with vegetables (e.g. ravioli). prepacked. cooked,156,5.19,20.9,4.9,1.9,1.93,3.7,0.49
25198,Pasta with cheese sauce (spaghetti. tagliatelle…). prepacked,163,7.17,15.9,7.4,5.85,4.35,1.85,0.8
25203,Fresh pasta. stuffed with vegetables (e.g. ravioli). prepacked. raw,255,9.4,41.4,5.06,3.14,1.74,3.02,0.81
25216,Pasta (e.g. ravioli). filled. cooked,199,7.98,25.7,6.53,2.82,2.88,2.52,0.72
25217,Vine leaf stuffed wih rice or dolmas. drained. prepacked,150,2.5,18.6,6.5,0.8,0.85,2.6,1.34
25218,Lasagna or cannelloni with vegetables. prepacked. cooked,122,4.38,11.8,5.9,4.3,1.91,traces,0.6
25219,Lasagna or cannelloni with vegetables and goat cheese. prepacked. cooked,179,7,14,10.2,2.3,5.23,1.4,0.85
25635,Lasagna or cannelloni with goat cheese and spinach. prepacked,133,6.1,11.4,6.6,3.5,3.1,1.87,0.99
4041,Mashed potatoes w fresh tome cheese. prepacked,195,8.06,9.5,13.3,0.57,8.25,1.3,1
19437,Goat cheese. breaded. to grill. prepacked,,12.9,15,19.2,3.5,9.99,,1.27
25020,Cheese soufflé,184,12.9,3.8,12.6,1.77,7.37,2.1,0.92
25137,Tartiflette (cheese fondue). prepacked,161,6,13.5,8.9,1.25,4.47,0.8,0.75
25437,Small cheese chou-pastry puff,399,16.2,22.7,26.6,0.56,16,1.9,1.13
25509,Savoy-style fondue cheese preparation (cheese. wine ...). prepacked,231,16.2,2.6,17.2,1.1,12,0,1.28
25546,Cheese and ham. breaded,263,17.4,15.3,14.6,1.5,7.15,,2.32
20914,Soy burger or vegetable escalope,,15.5,8.7,14.7,2.3,0.65,8.8,1.75
20917,Tempeh,157,16.1,7.89,4.7,0.24,0.57,6.2,0.098
25225,Wheat-based nuggets (wo soybean),284,12.6,22.4,14.9,1.33,1.48,2.55,0.67
25226,Soybean and wheat-based nuggets (not vegan),253,14.1,18.5,12.6,3.17,1.34,4.18,1.18
25227,Soybean and wheat-based nuggets (vegan),251,15.5,19.7,10.9,1.75,1.14,5.38,1.39
25228,Schnitzel. soybean and wheat-based (not vegan),260,14.4,16.8,13.9,1.28,1.45,4.39,1.03
25229,Schnitzel. soybean and wheat-based (vegan),245,16.9,18.8,10,traces,1.1,5.41,1.13
25230,Schnitzel. soybean. wheat and cheese-based. cordon bleu-style,247,15.2,15.1,13.1,2.05,3.02,3.28,1.5
25231,Ravioli filled with tofu. w tomato sauce,91.7,3.13,12.5,2.7,3.14,0.41,2.1,0.81
25233,Cereal burger with cheese (without soybean),241,7,27.8,10.3,2.86,2.56,4.3,1
25234,Cereal burger with végétables (without soybean),211,5.31,28,7.6,3.66,0.89,4.4,1.03
25589,Plant-based ball with wheat and/or soybean,211,17.6,7.98,10.6,3.47,1.11,5.45,1.51
25591,Plant-based burger or steak from lentil. soybean and vegetables,170,9.71,16.7,5.6,2.77,0.75,4.76,0.85
25592,Plant-based burger or steak from wheat (seitan) and vegetables,208,12.5,20.8,7.1,3.97,0.73,3.1,1
25593,Plant-based burger or steak from wheat and soybean (vegan),215,16,8.15,11,1.87,1.04,6.03,1.3
25594,Plant-based burger or steak from wheat and soybean (not vegan),201,10.2,13.3,10.2,2.62,1.07,5.36,1.14
25595,Plant-based burger or steak from soybean and cheese,204,16.8,6.08,12,0.75,4.63,1.8,1.07
25596,Plant-based burger or steak from soybean and vegetables,175,13.1,8.36,8.1,3.45,1.04,4.97,0.93
25597,Plant-based burger or steak from soybean. cheese and vegetables,180,15.1,7.72,9.1,2.03,2.36,2.83,0.97
30181,Soy-based minced,143,11.5,7.01,5.8,4.19,0.64,5.23,0.78
25404,Pizza. cheese and tomato or Margherita pizza. prepacked,227,8.93,29.6,7.64,2.72,3.4,1.67,1.24
25405,Quiche Lorraine (eggs and lardoons quiche). prepacked,274,8.96,21,16.8,2.67,8.63,1.29,1.28
25409,Crepe. filled with ham. prepacked,136,5.75,18.7,4,1.89,0.95,1.2,0.84
25410,Crepe or buckwheat crepe. filled with cheese. ham and bechamel sauce. prepacked,182,8.83,19.1,7.5,1.7,3.9,1.55,1.1
25411,Crepe or buckwheat crepe. filled with mushrooms and bechamel sauce. prepacked,150,4.83,20.7,5.02,2.7,0.92,1.32,0.99
25417,Vegetables tart. prepacked,216,5,21.8,11.7,3.2,6,1.7,0.98
25435,Pizza. ham and cheese. prepacked,218,10.3,28,6.69,2.91,3.2,2.34,1.5
25444,Cheese tart. prepacked,289,10.3,20.7,18,1.63,9.93,1.57,1.07
25454,Provencal-style tart. prepacked,241,5.5,20,14.3,2.9,4.15,5.3,0.8
25457,Pizza. bolognese-style w meat. prepacked,227,10.3,27.2,8.03,2.94,2.85,2.16,1.32
25459,Burritos,170,8,14.3,8.5,1.9,4.33,1.9,0.75
25460,Fajitas,158,12.7,16,4.5,2.2,1.96,1.4,0.89
25462,Pizza. chorizo or salami. prepacked,248,10.4,26.5,10.7,3.29,4.55,2.04,1.54
25463,Pizza. seafood. prepacked,200,10.3,24.6,6.65,1.5,2.5,0.5,1.25
25464,Pizza. salmon. prepacked,231,10.1,26.7,8.78,3.04,2.9,2.31,1.22
25468,Pizza. goat cheese and lardoons. prepacked,245,10.7,26.9,9.96,3.17,4.83,2.36,1.49
25472,Pizza. vegetables or pizza 4 seasons. prepacked,214,8.48,25.7,8,3.62,3.1,2.81,1.1
25477,Pizza. cheese and mushrooms. prepacked,217,7.8,31.6,6.1,1.9,2.1,2.4,1.13
25478,Pizza. four cheeses. prepacked,267,13.1,28.2,10.5,2.61,5.51,2.7,1.11
25516,Pizza (average),233,10.7,27.3,8.39,2.93,3.93,2.38,1.27
25528,Pizza. onion anchovy and black olives. prepacked,284,6.4,33.8,13.1,2.9,1.5,2.5,2.21
25529,Onion tart. prepacked,280,7,23.5,17.2,5.63,7.5,1.9,0.87
25548,Pizza. ham cheese and mushrooms. prepacked,205,9.54,25.7,6.66,3.16,2.91,2.3,1.3
25549,Crepe or buckwheat crepe. filled with cheese and bechamel sauce. prepacked,149,6.02,17.7,5.75,3.86,2.02,1.05,0.92
25550,Flamed tart (thin-crusted onion tart with cream and lardoons). prepacked,300,8.81,31.8,14.8,4.15,6.27,1.7,1.64
25552,Crepe or buckwheat crepe. filled with cheese. ham. mushrooms and bechamel sauce. prepacked,159,8.3,16.6,6.3,2.7,1.5,1.2,0.95
25553,Leek tart or pie. prepacked,243,5.76,21.6,14.3,2.34,7.72,2.48,0.96
25555,Salmon tart. prepacked,215,8.53,21,10.5,1.63,6.3,1.4,0.84
25560,Riesling wine and pork pie. prepacked,251,10.2,23.7,12.6,2.25,6.2,1.2,1.45
25561,Tomato tart. prepacked,218,5.17,19.3,12.8,4.2,7.67,2.9,0.8
25562,Crepe or buckwheat crepe. filled with egg. ham and cheese. prepacked,209,12.7,15.2,9.8,1.1,6.02,4.5,1.12
25564,Scallops tart. prepacked,266,8.25,24.2,14.5,2.5,5.9,3,1.12
25568,Pastilla. filled with chicken (pie). prepacked,218,12.3,14.1,12.2,3.85,1.75,1.5,1.5
25570,Pizza. lardoons onions and cheese. prepacked,255,11.2,27.7,10.6,3.7,6,2.2,1.1
25572,Crepe or buckwheat crepe. filled with scallops. prepacked,168,7.7,15.8,8,2.8,2.4,1.2,1.18
25573,Savoury tart (average food),267,8.11,22.7,15.6,3.14,7.83,1.76,1.21
25581,Crepe or buckwheat crepe. filled with mushrooms and bechamel sauce. prepacked. cooked,172,5.5,18.5,7.7,3.16,2.48,3.4,0.76
25623,Maroilles cheese tart or maroilles cheese flamiche. prepacked,315,14.1,22.1,18.3,2.8,12.8,2.5,1.66
25625,Crepe or buckwheat crepe. filled with fish and/or seafood. prepacked,206,8.5,14.3,12.4,2.4,6.95,1.6,1.13
26256,Ham and mushroom pancake in cheese sauce. dehydrated. reconstituted,151,8.6,11.9,7.5,2.7,2.8,0.6,0.75
26267,Goat cheese and spinach tart. prepacked,244,7.08,22.2,13.6,3,7.34,2.05,1
26268,Squid and spicy tomato sauce pie. prepacked,306,8.15,30.9,16,5.05,2.8,2.95,1.55
26270,Pizza. tuna. prepacked,220,10.8,23.3,8.78,3.47,2.97,2.2,0.99
26271,Pizza. kebab. prepacked,211,9.4,26.6,7.01,3.04,3.5,1.85,1.4
26272,Pizza. chicken. prepacked,215,9.95,27.5,6.68,2.96,3.23,2.32,1.16
26273,Pizza with raclette or tartiflette cheese and lardoons. prepacked,276,11.8,27.5,12.7,2.77,5.93,2.4,1.55
26274,Pizza. cured ham. prepacked,240,12.2,25.7,9.43,3.47,4.67,1.6,1.74
7811,Focaccia. filled,233,8,29.5,8.75,4.25,1.75,2.25,1.45
7812,Fougasse. filled,306,9.53,38.8,11.8,1.47,2.74,3.2,1.78
25400,Toasted ham sandwich topped with grated cheese. home-made,,14.3,,18.4,,,,1.71
25403,Hot-dog. prepacked,278,10.9,26.3,13.8,5.2,5.18,1.6,1.69
25413,Hamburger. from fast foods restaurant,246,13.3,28.3,8.44,5.95,2.82,1.8,1.23
25414,Cheeseburger. from fast foods restaurant,268,13.7,23.1,12.9,5.47,5.07,1.8,1.33
25415,Cheeseburger. double. from fast foods restaurant,299,15.5,21.5,16.7,,6.32,,1.15
25416,Fish burger. fast foods restaurant.from fast-food,263,12.2,26.7,11.5,3.9,4.92,1.5,1.1
25428,Sandwich made with pita bread. kebab and raw vegetables,233,15.2,17.4,10.9,1.1,3.57,2.3,1.23
25429,Sandwich made with French bread. kebab and raw vegetables,246,15,23.6,9.8,2.6,4.26,2,1.13
25431,Sandwich made with French bread. tuna. raw vegetables (tomato and lettuce) and mayonnaise,274,10.3,32,11.3,1.4,2.54,1.78,1.28
25434,Sandwich made with panini bread. raw cured ham. mozzarella cheese and tomato,243,14.2,27.2,8.35,,,1.4,1.24
25475,Sandwich made with French bread. hard-boiled egg. raw vegetables (tomato and lettuce) and butter,222,10.1,30.9,5.98,2.55,3.01,1.88,1.45
25476,Sandwich made with French bread. chicken. raw vegetables (lettuce & tomato) and mayonnaise,247,10,36.3,6.35,3,0.92,2.23,1.39
25485,Sandwich made with French bread. ham and emmental cheese. prepacked,285,13.3,26.9,13.1,2.55,5.3,3,1.58
25488,Sandwich made with French bread. smoked salmon and butter,265,11.5,40.8,5.6,2.65,2.49,2.4,1.89
25490,Sandwich made with French bread. tuna. sweet corn and raw vegetables. prepacked,198,8.87,25,6.03,2.83,1.02,3.93,1.02
25502,Chicken burger . fast foods restaurant,249,12.7,23.8,11,2.9,1.88,1.2,1.16
25513,Large round sandwich with lettuce. tuna. anchovy and black olives,215,7.95,30.3,6.48,3.2,0.98,1.98,1.03
25517,Sandwich made with French bread. ham and butter,285,9.93,33.7,11.5,2.34,5.92,3.17,1.69
25518,Sandwich made with French bread. camembert cheese and butter,339,11.9,34.3,16.7,2.18,10.4,1.92,1.72
25519,Sandwich made with French bread. pâté and pickles,298,10.1,32.1,13.9,2.44,6.12,1.99,1.8
25520,Sandwich made with French bread. dry sausage and butter,383,13.7,32,21.6,2.36,9.43,3.05,2.07
25521,Sandwich made with French bread. ham. emmental cheese and butter,286,12.2,32.7,10.9,2.87,5.3,4.17,1.54
25522,Sandwich (average),243,14.2,27.2,8.35,,,1.4,1.24
25523,Canapés (toasts w various toppings). prepacked,233,9.09,17.8,13.3,5.75,5.94,2.8,1.11
25530,Sandwich made with French bread. raw vegetables and mayonnaise,221,6.54,30,7.9,2.67,1.69,2.18,1.07
25531,Sandwich made with French bread. turkey. raw vegetables (lettuce & tomato) and mayonnaise,255,12.4,30.6,8.82,2.24,1.94,1.86,1.1
25532,Sandwich made with French bread. egg. raw vegetables (tomato and lettuce) and mayonnaise,247,8.52,30.9,9.47,2.38,2.18,1.89,1.13
25533,Sandwich made with French bread. pork. raw vegetables (lettuce & tomato) and mayonnaise,267,12,30.1,10.6,2.3,2.61,1.86,1.1
25535,Sandwich made with French bread. merguez sausage. ketchup and mustard,282,13.1,31,11.4,2.92,5.2,1.81,2.12
25536,Sandwich made with French bread. salami and butter,379,12.5,33.2,21.4,2.01,9.65,1.82,2.76
25542,Toasted ham sandwich topped with grated cheese and a fried egg,264,13.7,16.9,15.5,1.37,7.42,1.13,1.29
25543,Sandwich on french bread (average),277,11.2,31.4,11.6,2.46,4.45,2.38,1.54
25544,Sandwich made with loaf bread. various filling. prepacked,267,11.7,25.1,12.4,3.42,4.96,3.83,1.17
25547,Grilled cheese & ham sandwich. prepacked,273,11.3,26.8,12.9,2.14,6.5,2.45,1.57
25574,Sandwich made with wholemeal loaf bread. ham. raw vegetables. cheese (optional). prepacked,243,10,23.1,11.6,2.43,2.86,3.06,1.42
25575,Sandwich made with wholemeal loaf bread. tuna. raw vegetables and mayonnaise. prepacked,240,9.82,23.1,11.3,2.49,1.3,3.46,1.08
25576,Sandwich made with wholemeal loaf bread. ham and cheese. prepacked,292,12.9,26.1,14.6,7.75,6.45,2,1.33
25577,Sandwich made with wholemeal loaf bread. chicken. raw vegetables and mayonnaise. prepacked,232,9.18,23.7,10.4,2.61,2.48,3.63,1.3
7814,Savoury cake (with cheese. vegetables. meat. fish. poultry.etc.). prepacked,321,11.6,25.6,18.4,2.68,4.68,2.3,1.64
25108,Samosas or samoosas. . prepacked,230,9.33,16.5,13.7,2.45,2.78,1.8,1.26
25151,Fish or seafood in puff pastry,255,6.55,26.5,13,4.3,9.7,2.9,1.02
25169,Chinese specialty or dumplings. prepacked,149,5.9,28,1.4,3.9,0.31,0.21,1.26
25399,Snails in puff pastry. prepacked,321,6.69,23.1,22.1,1.09,13.2,1.74,1.17
25401,Cheese in puff pastry,302,8.25,28.1,17.1,3.86,10.2,1.3,1.58
25402,Meat in puff pastry. prepacked,348,9.59,25.9,22.6,1.17,10.6,1.63,1.55
25412,Vol-au-vent. with meat/poultry/quenelle,292,6.12,23.5,18.9,2.6,9.66,1.65,1.27
25418,Croissant filled with ham,243,7.9,19.2,14.6,2.6,8.5,1.53,1.1
25419,Spring roll,103,4.57,16.6,1.82,3.6,0.66,1.2,0.29
25420,Egg roll or Nem,216,6.48,21.1,11.2,3.02,2.9,2.54,1.52
25438,Fritter. filled (filo pastry) (garnish : shrimps. vegetables. poultry. meat. etc.). home-made. cooked,187,12.2,8.48,11.5,0.72,2.77,0.59,1.41
25503,Vol-au-vent with fish and seafood,206,6.72,13.4,13.8,2.43,7.41,1.05,1.13
25508,Ham and cheese in puffed pastry,290,8.46,25.7,16.7,3.65,10.8,1.9,1.29
25551,Meat. poultry or fish fritters. home-made. raw,238,18.7,10,13.5,0.92,2.88,0.41,0.71
25557,Fritter. filled with eggs (filo pastry). home-made. cooked,255,10.4,12.3,18.1,1.6,,0.5,1.35
25558,Fritter. filled with beef (filo pastry),342,10.4,33.5,17,3.2,,6.8,3.76
25559,Fritter. filled with potatoes (filo pastry). home-made,215,3.25,19.6,13.4,1.5,,1.7,1
25578,Puff pastry. savoury (average),301,8.39,26.1,17.8,3.03,10.1,1.65,1.43
25580,Vol-au-vent. filled (average),249,6.42,18.4,16.3,2.52,8.53,1.35,1.2
25582,Egg roll or Nem. with chicken. prepacked. cooked,197,8.06,20.9,8.1,1.9,1.25,3.3,1.19
25583,Egg roll or Nem. with pork. prepacked. cooked,237,6.88,22.6,12.7,1.9,3.07,2.4,1.14
25584,Egg roll or Nem. with shrimp and/or crab. prepacked. cooked,213,7.44,23.7,9.2,2.4,1.13,2.7,1.2
26266,Croissant filled with ham and cheese. prepacked,258,8.92,22,14.5,2.77,8.77,2,1.28
13004,Avocado. pulp. raw,205,1.56,0.83,20.6,0.4,4.51,3.6,0.015
20004,Swiss chard. raw,16.4,1,1.63,,1.2,,1.8,0.57
20009,Carrot. raw,40.2,0.63,7.59,,6,,2.7,0.11
20010,Mushroom. all types. raw,21.7,2.37,1.88,0.23,1.43,0.055,1.72,0.012
20012,Curly endive. raw,,1.48,2.4,0.25,0.7,0.061,2.45,0.084
20014,Red cabbage. raw,30,1.13,4.33,,3.9,,2.8,0.035
20016,Cauliflower. raw,26.2,1.81,2.13,0.7,1.7,0.24,2.2,0.015
20019,Cucumber. pulp and peel. raw,15.6,0.64,2.54,0.11,1.67,0.035,0.6,0.012
20020,Courgette or zucchini. pulp and peel. raw,16.5,1.23,1.8,0.26,1.79,0.061,1.05,0.023
20022,Watercress. raw,,2.09,0.9,0.15,0.2,0.027,0.85,0.13
20023,Celery stalk. raw,17.6,0.63,2.41,,1.3,,2.2,0.2
20026,Chicory. raw,20.2,1.19,2.83,,2.4,,1.1,
20028,Fennel. raw,21.8,1,2.63,,2.2,,2.6,0.055
20031,Lettuce. raw,,1.3,1.33,0.2,0.73,0.021,1.2,0.021
20034,Onion. raw,,1.1,6.25,0.62,4.8,0.2,1.7,0.098
20038,Dandelion. raw,,2.91,6.1,0.85,0.71,0.17,2.7,0.22
20039,Leek. raw,32.3,1.49,4.9,0.25,3.15,0.05,2.27,0.036
20041,Sweet pepper. green. yellow or red. raw,,0.8,4.55,0.27,2.7,0.071,1.5,0.021
20044,Pumpkin. raw,,1,3.5,0.1,1.36,0.052,0.5,0.0025
20045,Radish. raw,14.5,0.94,1.53,,1.1,,1.4,0.04
20047,Tomato. raw,19.3,0.86,2.49,0.26,2.48,0.056,1.2,0.0081
20052,Artichoke. globe. raw,,3.2,4.92,0.18,0.99,0.036,5.4,0.15
20053,Eggplant. raw,,1.12,2.39,0.14,2.39,0.034,2.7,0.0063
20054,Cardoon. raw,,0.7,1.7,0.1,1.5,0.011,1.6,0.43
20055,Celeriac. raw,29.3,1.38,3.98,,1.6,,4.5,0.085
20056,Button mushroom or cultivated mushroom. raw,28,2.62,3.15,0.36,2.5,0.067,1,0.098
20057,Broccoli. raw,,3.95,1.7,0.48,1.7,0.061,2.9,0.048
20058,Brussels sprout. raw,,3.98,5.67,0.4,2.2,0.07,3.95,0.041
20059,Spinach. raw,,2.62,2.25,0.5,0.32,0.064,2.37,0.17
20061,French bean. raw,,1.85,4.14,0.21,3.26,0.06,2.85,0.0096
20064,Turnip. peeled. raw,,0.76,4.7,0.1,3.8,0.011,1.9,0.11
20065,Turnip cabbage. raw,,1.79,2.35,0.1,2.35,0.013,3.6,0.05
20069,Green cabbage. raw,,2.53,1.92,0.41,1.92,0.054,3.08,0.065
20070,French bean. frozen. raw,34,1.97,4.35,0.17,1.96,0.049,3.68,0.013
20072,Garden peas. raw,,5.84,7,0.55,5.67,0.1,5.5,0.0088
20073,Asparagus. peeled. raw,,2.04,2.4,0.21,1.88,0.051,1.95,0.011
20082,Cauliflower. frozen. raw,,2.09,2.64,0.37,1.91,0.1,1.82,0.047
20083,Spinach. frozen. raw,,2.87,0.89,0.49,0.6,0.075,2.7,0.098
20084,Garden peas. frozen. raw,,5.86,8.77,0.44,3.87,0.11,6.45,0.09
20085,Sweet pepper. green. raw,26,0.81,3.43,,3,,3.2,
20087,Sweet pepper. red. raw,36.6,1.06,5.98,,4.8,,3.2,
20089,Radish. black. raw,29.2,0.94,5.52,,4.3,,1.2,0.058
20090,Escaroles,,1.25,0.3,0.2,0.23,0.048,3.1,0.055
20091,Beetroot. raw,,1.74,9.1,0.24,6.76,0.038,2.55,0.15
20097,Shallot. raw,63.6,1.81,12.2,,3.3,,2.6,0.013
20099,Lamb's lettuce. raw,16.8,2,0.5,,traces,,2.3,
20101,Mixed vegetables. frozen. raw,65.1,2.26,5.71,2.65,2.18,0.62,4.7,0.6
20103,Chanterelle or girolle mushroom. raw,33.1,2.28,2.3,0.78,1.87,0.5,4.23,0.016
20105,Morel. raw,24.5,3.16,0.1,0.54,0.044,0.16,3.35,0.064
20106,Black truffle. raw,,5.77,,0.51,0.7,0.11,8.5,0.17
20108,Sweet corn. on the cob. frozen. raw,,3.36,17,1.19,3.78,0.19,2.65,0.01
20111,Sorrel. raw,,1.84,1.6,0.65,1.54,0.1,1.8,0.009
20114,Oyster mushroom. raw,25.5,3.06,1.5,0.36,0.71,0.062,2.4,0.034
20116,White cabbage. raw,36.5,1.38,4.63,0.6,4.2,0.27,3.5,0.033
20119,Tomato. green. raw,,1.2,4,0.2,4,0.028,1.1,0.033
20123,Lettuce. var. batavia. raw,17.9,1.25,1.78,,1.1,,2.1,0.015
20126,Lima bean. raw,105,6.84,15.3,0.86,1.48,0.2,4.9,0.02
20128,Pumpkin (cucurbita moschata). pulp. raw,,0.55,4.6,0.1,,,1,
20132,Red kuri squash. pulp. raw,,0.63,3.1,0.1,,0.027,1.1,0.074
20134,Sweet green hokkaido squash. pulp. raw,,1.4,9.98,0.6,,,2.6,
20136,Squash. melonnette jaspée from Vendée. pulp. raw,,0.75,5.98,0.13,,,1.35,
20138,Squash. butternut. pulp. raw,,1,5.4,0.1,2.2,0.021,2,0.01
20139,Squash. all types. raw,,1.1,1.6,0.17,1.6,0.037,1.3,0.011
20145,Squash. spaghetti. pulp. raw,,0.64,5.41,0.57,2.76,0.12,1.5,0.043
20151,Chili pepper. raw,,1.87,7.7,0.32,5.3,0.031,1.65,0.02
20159,Caesar's mushroom or royal agaric. raw,23.2,2,2.45,0.3,1,0.07,1.7,0.013
20160,Cep or boletus mushroom. raw,31.6,3.13,3.03,0.43,1.7,0.071,1.93,0.024
20161,Field mushroom. raw,25.3,2.3,2.45,0.4,1,0.1,1.7,0.013
20162,Red endive. raw,,1.4,1.6,0.1,1.6,0.02,3,0.018
20163,Green endive. raw,,1.9,0.5,0.5,0.5,0.12,1,0.041
20166,Pumpkin. pulp. raw,,1,6,0.1,2.76,0.052,0.5,0.0025
20167,Chinese cabbage (nappa cabbage or bok choy). raw,,1.38,1.65,0.2,1.18,0.031,1.05,0.13
20168,Sweet pepper. yellow. raw,30.7,0.94,4.73,0.3,4.3,0.11,1.2,
20171,Cos or romaine lettuce. raw,,1.24,1.2,0.3,1.19,0.04,2.1,0.02
20172,Tomato. cherry. raw,33.7,1.31,5.62,,4.8,,1.2,
20173,Snow pea. raw,,3.08,6.2,0.27,4,0.039,2.63,0.01
20181,Parsnip. raw,58.3,1.54,10.1,0.4,4.8,0.063,4.7,0.02
20183,Mung bean. sprouted or soy spouts. raw,,2.57,3.4,,3.4,,1.7,0.043
20192,Tomato. beef heart. raw,19.8,0.5,3.23,,2.8,,0.9,
20195,Butter bean or yellow bean. raw,,1.85,5.6,0.16,,0.026,2.45,0.015
20197,Salsify. black. raw,,3.13,15.3,0.3,,,3.3,0.011
20198,Bamboo shoots. raw,35.1,2.52,5.08,0.2,3,0.053,1.45,0.01
20199,Garden cress. raw,,2.55,2.2,0.6,2.2,0.047,1.35,0.096
20200,Iceberg lettuce. raw,,1.01,2.45,0.18,1.48,0.023,1.15,0.024
20201,Rutabaga or Swede. raw,,1.17,5.7,0.13,4.46,0.023,2.6,0.028
20203,Butter bean or yellow bean. frozen. raw,,2,4.9,0.17,2.5,0.047,2.33,0.0092
20204,Broccoli. frozen. raw,,2.79,1.56,0.44,1.24,0.097,2.77,0.05
20206,Brussels sprout. frozen. raw,,3.43,4.5,0.33,2.35,0.062,4.28,0.029
20208,Carrot. frozen. raw,,0.63,4.99,0.27,4.73,0.067,2.76,0.15
20210,Cucumber. pulp. raw,14.7,0.56,2.23,,1.8,,0.8,
20214,Garden peas and carrots. frozen. raw,,3.89,7.1,0.37,3.43,0.097,4.3,0.082
20217,Roman rocket. raw,,2.58,2.1,0.66,2.05,0.086,1.6,0.068
20218,Curly kale. raw,,4.33,4.2,1.07,2.26,0.12,4.9,0.091
20228,Button mushroom or cultivated mushroom. frozen. raw,15.9,1.8,0.83,0.25,0.25,0.1,1.97,0.02
20230,Courgette or zucchini. pulp and peel. frozen. raw,,1.19,2.18,0.14,1.56,0.027,1.48,0.019
20231,Chinese or Japanese artichokes. frozen. raw,,1.4,8.7,0,0.5,0,0,0.0025
20232,Artichoke base. frozen. raw,,2.08,8.09,0.43,1.89,0.1,7.54,0.18
20233,Sweet corn. frozen. raw,,3.28,19.8,0.78,3.78,0.12,2.8,0.013
20234,Turnip. frozen. raw,,0.82,2,0.18,1.9,0.017,1.85,0.066
20235,Onion. frozen. raw,,1,5.39,0.12,4.59,0.017,2.65,0.02
20236,Leek. frozen. raw,26.7,1.42,3.35,0.29,2.95,0.25,2.55,0.016
20237,Salsify. frozen. raw,,2.65,4.15,0.15,2.5,0,5.8,0.043
20238,Red onion. raw,36.3,1.31,5.63,0.4,5.2,0.14,2.5,
20239,Yellow onion. raw,37.8,1.19,6.39,,0.2,,2.6,
20263,Mixed vegetables for soups. frozen. raw,34.1,1.44,4.69,0.44,2.5,0.11,2.86,0.052
20265,Thinly-shredded or diced vegetables. frozen. raw,,1.19,4.08,0.25,3.13,0.1,2.28,0.1
20266,Mixed vegetables for ratatouille. frozen,,1.01,3.23,0.089,2.88,0,1.67,0.11
20267,Spring vegetables. frozen. raw (French beans. carrots. potatoes. green peas. onions),,2.4,8.48,0.078,2.62,0,3.62,0.04
20269,Flat bean. raw,,1.93,4.47,0.12,1.3,0,2.97,0.049
20270,Spinach. young leaves. raw,18.3,2.06,,0.4,traces,0.09,2.4,0.063
20272,Mesclun or salads. mix of baby leaves,,2,2.5,0,0,0,2,0.048
20276,Tomato. round. raw,20.3,0.5,3.59,,2.8,,1,
20279,Asparagus. green. raw,,2.46,2.03,0.27,1.5,0.069,2.15,0.014
20280,Romanesco cauliflower or romanesco broccoli. raw,,2.93,2.2,0.4,2.2,0.047,2.35,0.039
20282,Asparagus. white or purple. peeled. raw,,2.5,2.5,0.3,,0.07,1.8,0.019
20283,Glasswort (Salicornia sp.). fresh,,0.67,1.1,0.24,,,2.46,2.56
20288,Lettuce. sucrine. raw,17.9,1.13,2.58,,1.78,,0.8,
20295,Lettuce. oak-leaf. raw,14.3,1.13,1.03,,0.6,,1.8,0.023
20496,Mixed vegetables for couscous. frozen. raw,46.5,2.05,6.75,0.7,3.05,0.1,2.53,0.12
20584,Tomato. bunch. raw,20.1,0.5,3.03,,2.6,,1.5,
25604,Green salad. raw. without seasoning,,1.01,1.5,0.1,0.83,0.028,1.3,0.046
53100,Plantain banana. raw,,1.28,29.6,0.39,,0.14,2.3,0.01
13177,Chayote. boiled/cooked in water,,0.62,2.29,0.48,,0.086,2.8,0.0025
20000,Artichoke. globe. cooked,,2.53,0.99,0.28,0.99,0.069,8.3,0.15
20001,Asparagus. boiled/cooked in water,,2.68,0.81,0.32,0.81,0.072,1.8,0.021
20002,Eggplant. cooked,,1.33,4.17,0.28,3.41,0.052,4.3,0.015
20003,Beetroot. cooked,42.8,1.44,7.13,0.4,6.7,0.15,2.5,0.23
20005,Swiss chard. cooked,14.7,0.7,1.23,,0.8,,2.5,0.25
20006,Broccoli. cooked,,2.1,1.1,0.78,1.1,0.2,1.5,0.098
20007,Carrot. canned. drained,21.9,0.67,3.4,0.2,2.49,0.057,1.75,0.58
20008,Carrot. cooked,18.9,0.55,2.6,0.1,1.3,0.019,2.8,0.051
20011,Mushroom. all types. canned. drained,24.9,1.87,2.56,0.29,2.19,0.038,2.4,1.06
20013,Brussels sprout. cooked,,2.6,4.2,0.11,1.7,0.023,3.2,0.024
20015,Green cabbage. cooked,,1.03,3.04,0.45,2.79,0.14,2.4,0.098
20017,Cauliflower. cooked,20.9,1.6,1.6,0.46,1.59,0.097,2,0.017
20018,Palm heart. canned. drained,,2.45,4.03,0.5,1.5,0.13,2.32,0.81
20021,Courgette or zucchini. pulp and peel. cooked,15.5,0.93,1.4,0.36,1.39,0.1,1.5,0.098
20024,Celery stalk. cooked,,0.83,1.2,0.16,1.2,0.04,1.6,0.23
20025,Celeriac. cooked,,1.3,4.6,0.86,2.8,,2.6,0.15
20027,Spinach. cooked,,3.2,0.5,0.14,0.47,0.043,2.7,0.069
20029,Mung bean. sprouted or soy spouts. canned. drained,,1.56,2.36,0.12,1.78,0.058,1.63,0.35
20030,French bean. cooked,29.4,2,3,0.17,1,0.042,4,0.4
20033,Turnip. cooked,,0.9,3.8,0.2,2.9,0.008,2.2,0.073
20035,Onion. cooked,,1.3,6.2,0.2,4,0.024,1.4,0.021
20036,Garden peas. canned. drained,81.5,5.12,10.7,0.8,3.59,0.15,5.75,0.64
20037,Garden peas. cooked,,5.8,4.7,0.87,1.8,0.21,5.8,0.018
20040,Leek. cooked,,1.1,3,0.2,2.11,0.027,3.2,0.015
20043,Pumpkin. canned. drained,,1.1,5.19,0.28,3.3,0.15,2.9,0.6
20046,Salsify. cooked,,2.73,12.3,0.17,2.9,0.041,3.1,0.04
20048,Tomato. peeled. canned. drained,18.3,1.07,1.89,0.28,1.88,0.045,1.27,0.28
20049,Sweet corn. on the cob. cooked,,3.41,18.6,1.5,4.54,0.2,2.4,0.0025
20051,Diced mixed vegetables. canned. drained,40.4,2.32,5.59,0.28,1.73,0.076,3.16,0.61
20060,Spinach. canned. drained,,2.81,0.93,0.5,0.4,0.081,2.4,0.81
20062,French bean. canned. drained,23.1,1.33,2.07,0.31,0.77,0.09,3.36,0.68
20063,Butter bean or yellow bean. canned. drained,,1.22,3.48,0.23,0.86,0.022,1.68,0.66
20066,Sweet corn. canned. drained,106,2.82,18.4,1.68,5.16,0.26,3.1,0.59
20067,Artichoke. canned. drained,,1.5,6.5,0.2,1.5,0,3,0.8
20068,Tomato paste. concentrated. canned,99.2,4.4,17.1,0.53,13.3,0.093,4.2,0.27
20071,French bean. frozen. cooked,36.3,1.95,5.1,0.19,1.23,0.042,3.3,0.0038
20074,Artichoke. steamed,47.3,2.63,3.24,,1.9,,10.9,0.068
20076,Asparagus. canned. drained,,1.58,1.43,0.27,1.23,0.085,1.5,0.73
20077,Brussels sprout. canned. drained,,2.5,4.1,0.53,2.5,0.078,3.3,0.57
20078,Celery stalk. canned. drained,13.1,0.63,1.38,0.15,0.8,0.1,2,0.54
20079,Button mushroom or cultivated mushroom. canned. drained,19.4,2.23,0.7,0.37,0,0.065,2.5,0.63
20081,Salsify. canned. drained,,1.25,4.25,0.15,1,0.07,2.5,0.61
20086,Sweet pepper. green. cooked,,0.92,2.36,0.2,2.36,0.029,1.2,0.005
20088,Sweet pepper. red. cooked,,1.4,7,0.3,6,0.1,2.2,0.006
20093,Garden peas and carrots. canned. drained,49,2.51,7.39,0.33,3.58,0.051,3.27,0.61
20094,Kohlrabi. boiled/cooked in water,,1.8,4.4,0.11,2.8,0.014,1.1,0.053
20095,Red cabbage. boiled/cooked in water,,1.51,3.32,0.09,3.32,0.011,2.6,0.07
20096,Pumpkin. cooked,,0.81,4.5,0.07,3.1,0.037,2,
20102,Button mushroom or cultivated mushroom. boiled/cooked in water,28.7,2.17,3,0.47,2.34,0.061,2.2,0.005
20118,Fennel. boiled/cooked in water,,1.13,0.8,,0.5,,2,0.15
20121,Spinach. frozen. cooked,,4.01,0.51,0.87,0.51,0.16,3.7,0.24
20122,Cauliflower. frozen. cooked,18,1.61,1.05,0.22,1.03,0.034,2.7,0.045
20124,Garden peas. frozen. cooked,,5.15,7.95,0.27,4.65,0.049,5.5,0.18
20125,Button mushroom or cultivated mushroom. sautéed/pan-fried. without fat,38.4,4.44,4.53,0.6,traces,0.18,0.9,0.028
20133,Parsnip. cooked,67.8,1.32,13.4,0.3,4.8,0.05,3.6,0.025
20135,Leeks fondue or slow-simmered leeks,,1.1,0,5.2,,3.6,3.6,0.5
20141,Squash. butternut. peeled. cooked,,1.23,,0.07,,0.014,,0.005
20143,Squash. spaghetti. pulp. cooked,,0.66,5.06,0.26,2.53,0.062,1.4,0.045
20155,Artichoke. heart. canned. drained,26,1.8,2.31,,1.2,,3.2,0.78
20156,Artichoke base. canned. drained,25.2,1.2,3.02,,0.8,,2.6,0.73
20158,New Zealand spinach. cooked,,1.3,1,0.17,0.25,0.027,1.4,0.27
20165,Rutabaga or Swede. cooked,,0.93,4.26,0.18,3.95,0.029,1.8,0.013
20169,Tomato pulp. canned,26.1,1.2,3.63,,3.2,,1.8,0.068
20170,Tomato puree. canned,47.1,1.4,7.54,0.4,3.64,0.085,2.38,0.51
20188,Bamboo shoots. canned. drained,,1.61,1.9,0.15,1.15,0.041,1.25,0.19
20205,Broccoli. frozen. cooked,,3.1,2.36,0.11,1.47,0.018,3,0.06
20207,Brussels sprout. frozen. cooked,,3.64,4.22,0.39,2.08,0.081,4.1,0.038
20209,Carrot. frozen. cooked,32.9,0.58,4.52,0.68,4.08,0.12,3.3,0.15
20212,Shiitake mushroom. cooked,60.9,1.56,12.3,0.22,3.84,0.05,2.1,0.01
20215,Garden peas and carrots. frozen. cooked,,3.09,7.02,0.42,4.36,0.077,3.1,0.17
20216,Snow pea. boiled/cooked in water,30.5,2.25,3.39,0.3,2.3,0.08,2.8,0.013
20219,Curly kale. cooked,,1.9,3.63,0.4,1.25,0.052,2,0.058
20221,Chinese cabbage (nappa cabbage or bok choy). cooked,,1.53,0.75,0.17,0.75,0.029,1.35,0.054
20241,Cardoon. cooked,,0.76,3.63,0.11,,0.012,1.7,0.44
20242,Tomato. pulp and peel. boiled/cooked in water,,0.95,2.8,0.11,2.49,0.015,0.7,0.028
20243,Snow pea. cooked,,3.5,5.92,0.38,4.82,0.073,3.1,0.013
20255,Shallot. cooked,,2.13,13.5,,6.3,,3.4,0.031
20257,French bean. puree,,1.7,4.2,2.9,1.5,1.9,3.3,0.36
20258,Vegetables (3-4 types). mashed,61.8,1.94,4.25,3.4,2.4,2.17,3.3,0.63
20259,Broccoli. puree,,2.5,2.75,0.38,1.65,,2.39,0.021
20260,Tomato coulis. canned (tomato puree semi-reduced 11%),,2.05,8.53,0.2,5.5,0.08,2.6,0.88
20261,Carrots. puree,31.5,0.88,5.06,,4.8,,3.1,0.13
20264,Courgettes. puree,,2.8,6.5,1.9,2.3,1.3,1.5,0.6
20268,Tomato paste. double concentrate. canned,92.8,3.73,17,0.29,16.5,0,3.62,0.93
20271,Mixed diced vegetables. raw. frozen,54.5,3.48,6.8,0.28,3.35,0,5.45,0.045
20275,Sweet pepper. red. canned. drained,,0.91,4.42,0.77,3.64,0.089,1.7,1.14
20277,Asparagus. white. boiled/cooked in water,18.6,1.44,1.63,0.3,1.2,0.1,1.3,0.013
20278,Celeriac. puree,,1.37,2.83,0.18,2.11,0,4.01,0.13
20284,Green peas. puree,,4.8,8,2.8,3,1.7,4.8,0.74
20285,Spinach. puree,,3.7,5.2,2.2,1.2,1.2,2.2,0.72
20289,Tomato. roasted/baked. with skin,31.1,0.88,4.13,0.6,3.7,0.14,2.2,
20290,Romanesco cauliflower or romanesco broccoli. cooked,35.8,3,2.03,0.8,1.6,0.27,4.3,
20291,Red kuri squash. pulp. braised,44.8,1.31,7.05,0.5,4.5,0.14,3.3,
20292,Pumpkin (cucurbita moschata). pulp. cooked,30.7,1.06,5.24,,4,,1.8,
20298,Carrots. puree with cream,44.4,1.44,4.57,1.6,4.39,0.99,3,0.53
20299,Asparagus. green. boiled/cooked in water,26.6,2.69,1.73,0.3,1.3,0.07,2.2,
20300,Eggplant. pulp and skin. roasted/baked,33.8,1.31,3.83,,3.4,,1.9,
20301,Swiss chard. leaf and stalk. boiled/cooked in water,16.9,0.88,1.43,0.3,1,0.1,2.5,0.19
20302,Broccoli. boiled/cooked in water. crunchy,23.5,2.5,1.23,0.4,0.8,0.1,2.6,0.043
20303,Broccoli. boiled/cooked in water. tender,23.1,2.19,1.03,0.5,0.6,0.14,3,0.033
20304,Broccoli. steamed,37.6,4.13,2.53,0.7,1.5,0.25,2.2,0.04
20305,Carrot. boiled/cooked in water. crunchy,35.7,0.75,6.33,,5.9,,3.2,0.11
20306,Carrot. boiled/cooked in water. tender,31.6,,5.73,,5.1,,3.3,0.12
20307,Carrot. steamed,41.6,0.63,7.33,0.3,6.9,0.07,3.7,0.11
20308,White cabbage. boiled/cooked in water,23.5,1,3.23,,2.8,,2.7,0.018
20309,Brussels sprout. boiled/cooked in water,45.4,3.19,5.4,,4.1,,4.8,0.023
20310,Red cabbage. braised,34.9,1.19,5.7,,4.5,,3,0.033
20311,Green cabbage. boiled/cooked in water,21.6,1.63,1.83,,1.4,,3.3,0.013
20312,Cauliflower. steamed,30.1,2.56,3.41,0.3,2.4,0.09,1.8,0.013
20313,Courgette or zucchini. pulp and peel. roasted/baked,23,1.5,3.13,,2.7,,1.7,
20314,Celery stalk. braised,16.7,0.75,2.48,,1.7,,1.5,0.35
20315,Celeriac. boiled/cooked in water,26.2,0.94,4.32,0.3,1.2,0.09,2.6,0.093
20316,Chicory. roasted/baked,23.5,1.13,4.38,,3.2,,,
20317,Fennel. braised,13.7,,1.94,,1.3,,1.8,0.028
20318,Butter bean or yellow bean. boiled/cooked in water,34.6,2.19,4.45,0.3,2.2,0.09,2.7,
20320,French bean. boiled/cooked in water,28,1.75,3.39,,2.5,,3.2,
20321,Turnip. boiled/cooked in water,21.1,0.75,3.23,,2.8,,2.1,0.025
20322,Onion. white or yellow. sautéed/pan-fried. without fat,40.2,1.56,6.73,,5,,2.8,
20323,Spring onion. sautéed/pan-fried. without fat,27.6,1.13,3.56,0.3,2.8,0.09,3.1,
20324,Onion. red. sautéed/pan-fried. without fat,42.4,1.69,7.55,,6.7,,2.1,
20325,Parsnip. braised,90.8,1.94,16.6,0.5,6.2,0.13,5.6,0.018
20326,Garden peas. boiled/cooked in water,80.3,6.38,9.93,0.6,1.6,0.15,4.8,0.023
20327,Leek. boiled/cooked in water,27.4,2.56,2.23,,1.8,,3.4,
20328,Pepper. sweet. yellow. sautéed/pan-fried. without fat,35.8,1,5.33,0.6,4.9,0.19,2.2,
20329,Pepper. sweet. red. sautéed/pan-fried. without fat,35.7,0.94,6.53,,6.1,,2,
20330,Pepper. sweet. green. sautéed/pan-fried. without fat,28.6,1.25,3.53,0.3,3.1,0.1,3,
20331,Red kuri squash. pulp. boiled/cooked in water,38.2,1.06,6.88,0.3,3.5,0.08,1.8,
20332,Pumpkin. roasted/baked,30.2,,5.66,,4.8,,2,
20333,Salsify. boiled/cooked in water,57.9,2.63,9.29,,2.3,,4.5,0.02
20334,Tomato. roasted/baked,25.3,1,3.53,0.4,3.1,0.11,1.9,
20335,Shallot. grilled/pan-fried. without fat,66.9,2,12.3,0.4,3.8,0.12,2.9,
20336,Spinach. boiled/cooked in water,28.1,3.38,,0.7,traces,0.13,3.5,0.03
20497,Mixed vegetables for couscous. cooked,,1.53,2.55,0.43,1.1,0.048,2.6,1.06
20499,Vegetable. cooked (average),43.5,2.11,5.81,0.3,2.48,0.077,2.71,0.082
20590,Chinese or Japanese artichokes. cooked,50.8,2.13,9.11,,0.2,,1.9,0.013
58103,Okra. cooked. without salt,,1.87,2.01,0.21,2.01,0.045,2.5,0.015
20092,Carrot. dehydrated,,8.1,56,1.49,38.8,0.26,23.6,0.69
20180,Onion. dried,,8.95,75,0.46,37.4,0.078,9.2,0.053
20189,Tomato. dried,,14.2,43.3,2.99,37.6,0.46,12.3,0.62
20202,Chinese black mushroom. dried,,7.27,,0.075,0,0,,0.094
20211,Shiitake mushroom. dried,316,9.58,63.9,0.99,2.21,0.23,11.5,0.033
20256,Tomato. dried. in oil,187,4.27,13.4,11.7,6.5,1.32,5.63,2.21
20800,Yellow banana. pulp. steamed. sampled in the island of La Martinique,,1.06,,0.057,,,,
20801,Pumpkin (local variety). crisps. sampled in the island of La Martinique,,,12.3,,0.44,,8.4,
20802,Pumpkin (phoenix variety). crisps. sampled in the island of La Martinique,,,13.9,,0.2,,8.7,
20803,Caribbean cabbage. pulp. steamed. sampled in the island of La Martinique,,3.25,,0.0033,,,,
20804,Chayote. white skin. pulp. steamed. sampled in the island of La Martinique,,1.21,5.93,0.033,,,1.9,
20805,Chayote.green skin. pulp. steamed. sampled in the island of La Martinique,,1.23,4.6,0.023,,,3,
20806,Chayote. white skin. pulp. canned. not drained. sampled in the island of La Martinique,,,,,,,1,
20807,Chayote. white skin. pulp. steamed. frozen. sampled in the island of La Martinique,,,,,,,1.6,
20808,Cucumber. pulp with seeds. raw. sampled in the island of La Martinique,,0.73,,0.58,,,,
20809,Cucumber. pulp. raw. sampled in the island of La Martinique,,0.42,,0.27,,,,
20810,Watercress. leaf. raw. sampled in the island of La Martinique,,2.25,traces,0.1,,,2.1,
20811,Dachine. pulp. steamed. sampled in the island of La Martinique,,1.15,,0.3,,,,
20812,Sweet potatoe flour. sampled in the island of La Martinique,,,50.1,,0.018,,11.3,
20813,Breadfruit. pulp. steamed. sampled in the island of La Martinique,,1.29,,0.11,,,,
20814,Pumpkin (local variety). pulp. steamed. sampled in the island of La Martinique,,1.1,4.51,0.097,1.91,,2,
20815,Pumpkin (local variety). pulp. steamed. frozen. sampled in the island of La Martinique,,,3.75,,1.35,,2.4,
20816,local variety). pulp. grated. raw. sampled in the island of La Martinique,,,2.42,,0.82,,2.9,
20817,Pumpkin (phoenix variety). pulp. steamed. sampled in the island of La Martinique,,1.03,5.62,0.05,1.56,,2,
20818,Pumpkin (phoenix variety). pulp. grated. raw. sampled in the island of La Martinique,,,3.51,,1.44,,1.6,
20819,Pumpkin (phoenix variety). pulp. frozen. steamed. sampled in the island of La Martinique,,,4.37,,1.47,,2.4,
20820,Okra. whole. canned. not drained. sampled in the island of La Martinique,,,,,,,2.8,
20821,Okra. whole. canned. steamed. sampled in the island of La Martinique,,1.8,4.69,0.3,,,4.8,
20822,Okra. pulp. blanched. frozen. sampled in the island of La Martinique,,0.24,5.28,0.1,,,5.17,
20823,Yam cousse-couche. pulp. steamed. sampled in the island of La Martinique,,1.65,17.9,0.3,,,3.9,
20824,Yam yellow. pulp. steamed. sampled in the island of La Martinique,,2.04,27.6,0.37,,,2.67,
20825,Yam St Martin. pulp. steamed. sampled in the island of La Martinique,,2.25,18.4,0.3,,,3.9,
20826,Jerusalem artichokee. pulp. steamed. sampled in the island of La Martinique,,1.23,,0.18,,,,
20827,Kamanioc. pulp. steamed,,0.6,,0,,,,
20828,Massissi. pulp. raw,,2.58,,0.8,,,,
20829,Papaya. pulp. raw. from Martinique,,0.67,,0.0033,,,,
20830,Papaya. pulp. steamed,,0.63,,0,,,,
20831,Sweet potatoe. pulp. blanched. frozen,,,19.3,,0.021,,4.9,
20832,Sweet potatoe. pulp. steamed,,1.48,25.2,0.067,0.19,,9.2,
20833,Pigeon pea. whole. steamed,,16.3,,0.74,,,,
20834,Ti nain. pulp. steamed,,1.13,,0.05,,,,
20835,Tomatoe. whole. raw,,1.06,,0.06,,,,
20296,Chinese cabbageor bok choï bredes. rods and leafs. steamed. from the island La Réunion (Brassica rapa subsp. Chinensis),17.7,1.69,1.7,,0.4,,1.3,0.038
20297,Chayote. without skin. steamed. from the Island La Réunion (Sechium edule),22.2,0.63,3.5,,2.8,,1.4,0.018
4000,Tapioca. raw,354,0.19,87.8,0.02,3.35,0.005,0.9,0.0025
4002,Potato. peeled. roasted/baked,91.9,1.96,20.1,0.1,1.7,0.026,1.5,0.0036
4003,Potato. boiled/cooked in water,80.5,1.8,16.7,0.34,0.86,0.094,1.8,0.052
4004,Potato. crisps. plain or flavoured,545,5.67,51.1,34.3,1.59,3.23,4.57,1.65
4007,Potato. new. boiled/cooked in water,,1.44,,0.3,,,1.6,0.025
4008,Potato. peeled. raw,80.5,2.16,16.2,0.18,0.78,0.038,1.8,0.016
4011,Potato. canned. drained,59.9,1.47,11.7,0.34,0.65,0.055,2.2,0.15
4013,Mashed potato balls pre-fried. frozen. raw,181,2.76,24.9,7.22,0.74,1.68,2.82,0.93
4014,Potato. steamed. vacuum-packed,73.6,1.7,15.4,0.2,0.4,0.096,1.62,0.24
4015,Potato. sautéed/pan-fried,137,2.5,17.3,5.7,2.2,1.16,2.6,0.51
4016,Potato flakes. dehydrated. with milk or cream,371,10.6,69.4,3.97,4.67,1.55,8,0.2
4017,Potato puree. made from flakes. reconstituted with whole milk. with added fat,97.9,1.92,10.2,5.18,1.68,1.87,1.47,0.56
4018,Potato puree. with milk and butter. unsalted,88.8,1.89,14.2,2.4,1.41,1.46,1.5,0.11
4019,Potato puree. made from flakes. reconstituted with semi-skimmed milk and water. unsalted,67.3,2.63,12.1,0.53,1.71,0.32,1.8,0.23
4020,Dauphine potato. frozen. raw,285,4.62,25.6,17.7,1.96,3.98,2.34,1.17
4021,Dauphine potato. frozen. cooked,302,4.5,30.2,17.7,3.5,3.39,2,1.32
4022,Potato flakes. dehydrated. plain,361,8.04,76.1,0.46,2.35,0.15,10.3,0.55
4023,New potato. raw,76.4,1.88,15.9,0.3,0.2,0.058,1.3,0.058
4025,Potato chip. quarter. spiced. frozen. cooked,174,3.25,25.3,5.8,traces,0.64,3.4,0.76
4026,Potato. roasted/baked,89.4,2.5,18.5,0.13,1.18,0.035,2.2,0.025
4027,Potato. pre-fried into cubes. frozen. cooked,156,2.81,23,4.8,traces,0.61,4,0.19
4028,Ware potato. boiled/cooked in water. peeled,76.1,1.81,15.7,,,,1.9,
4029,Early potato. boiled/cooked in water. peeled,71.6,1.84,14.9,,,,2.13,
4030,French fries or chips. frozen. roasted/baked,213,3.75,32.6,6.6,0.29,0.75,4.2,0.39
4032,French fries or chips. frozen. deep-fried,285,3.28,39.4,11.9,0.69,2.94,3.9,0.073
4034,Duchesse potato. frozen. cooked,218,3.44,29.5,8.5,,0.96,4.8,0.99
4035,Mashed potato balls pre-fried. frozen. cooked,191,2.81,28.5,6.6,0.2,0.94,3.4,0.87
4036,Potato. sautéed/pan-fried. with goose fat,213,2.54,21.9,12.1,1.59,3.17,2.89,0.67
4037,"Potato crisps. ""à l'ancienne"" (old-fashioned style)",570,5.62,49.8,37.6,1.38,3.53,4.51,1.78
4038,Potato crisps and related. reduced fat,463,6.58,62.1,19.8,2.49,1.94,5.19,1.22
4039,Rostis or Potatoes cake,182,2.38,22.5,8.3,0.2,1.06,3.3,0.82
4042,Duchesse potato. frozen. raw,178,2.8,23.2,7.72,0.73,1.33,2.13,0.93
4043,Potato. pre-fried into cubes. frozen. raw,135,2.32,20.9,4.2,0.42,1.14,2.41,0.17
4044,French fries or chips. frozen. pre-fried. raw. intended to be roasted/baked,154,2.41,23.4,5.09,0.35,1.56,2.58,0.28
4045,French fries or chips. frozen. pre-fried. aw. intended to be microwaved,254,3.5,34,10.8,0.23,1.74,3.83,0.27
4046,French fries or chips. frozen. pre-fried. raw. intended to be deep-fried,244,3.12,29.1,12.1,0.48,4.09,3.39,0.12
4047,Mashed potatoes (average),91.8,2.11,12.7,3.25,1.49,1.71,1.58,0.35
4048,Potato. cooked (average food),93.2,2.01,17.2,1.37,1.05,0.4,1.96,0.12
4101,Sweet potato. raw,86.3,1.51,18.3,0.15,5.64,0.064,2.87,0.098
4102,Sweet potato. cooked,62.8,1.69,12.2,0.15,6.11,0.042,2.9,0.079
4103,Sweet potato. puree. cooked with cream,79.8,1.1,12.1,2,7.5,1.4,4.5,0.56
20050,Jerusalem artichoke. cooked,81.9,1.8,16,0.7,9.6,0,2.2,0.09
20196,Jerusalem artichoke. raw,60.7,1.94,11.5,0.31,9.6,0.11,2.1,0.0088
53101,Plantain banana. cooked,125,0.79,28.9,0.18,14,0.069,2.3,0.013
53200,Taro. tuber. raw,107,1.5,22.8,0.2,0.4,0.041,4.1,0.028
53201,Taro. tuber. cooked,131,0.52,29.5,0.11,0.49,0.023,5.1,0.038
53502,Yam or Indian potato. peeled. raw,111,1.53,23.8,0.17,0.5,0.037,4.1,0.023
53503,Yam or Indian potato. peeled. boiled/cooked in water,109,1.49,23.6,0.14,0.49,0.029,3.9,0.02
54031,Cassava or manioc. roots. raw,157,1.31,36.3,0.29,1.7,0.074,1.8,0.035
54034,Cassava or manioc. roots. cooked,132,0.69,32,0.043,,,0.4,
54500,Breadfruit. raw,105,1.07,22.2,0.23,11,0.048,4.9,0.005
20293,Coco bean. boiled/cooked in water,131,9.63,13.7,0.5,1.1,0.11,15.8,0.023
20500,Broad bean. boiled/cooked in water,82.9,8.06,9.35,0.8,0.4,0.16,3.1,0.025
20502,Haricot bean. boiled/cooked in water,112,6.75,12,1.1,0.3,0.25,13.8,0.023
20503,Red kidney bean. boiled/cooked in water,116,9.63,12.3,0.6,0.5,0.19,11.6,0.021
20505,Lentil. boiled/cooked in water,,9.02,12.2,0.38,1.8,0.053,7.9,0.005
20506,Split pea. boiled/cooked in water,,8.6,16.3,1.49,3.85,0.16,7.95,0.011
20507,Chick pea. boiled/cooked in water,147,8.31,17.7,3,0.3,0.46,8.2,0.027
20508,Flageolet bean. canned. drained,,6.1,12.2,0.79,0.2,0.11,6.3,0.73
20510,Lentil. seasoned. canned. drained,,6.28,11.8,0.64,0.42,0.11,4,0.59
20511,Haricot bean. canned. drained,,6.57,10.9,0.4,0.52,0.11,7,0.69
20513,Flageolet bean. boiled/cooked in water,112,6.75,12,1.1,0.3,0.25,13.8,0.023
20524,Red kidney bean. canned. drained,,8.31,13,0.97,1,0.41,7,0.68
20531,Mung bean. boiled/cooked in water,,7.54,11.9,0.55,2.01,0.038,6.4,0.018
20532,Chick pea. canned. drained,,6.74,15,2.68,0.5,0.3,5.45,0.54
20540,Flageolet bean. green. boiled/cooked in water,,5.63,15.8,1.1,0.5,0.19,16.5,0.071
20542,Broad bean. without peal. frozen. water boiled,,6.4,9,0.5,,0.11,2.9,0.018
20543,Broad bean. frozen. boiled/cooked in water,,5.6,7.4,,1,,5.8,0.02
20587,Lentil. green. boiled/cooked in water,127,10.1,16.2,0.58,0.2,0.093,8.45,0.015
20588,Lentil. blond. boiled/cooked in water,,9.7,16.3,0.7,0.4,0.13,6,
20589,Lentil. pink or red. boiled/cooked in water,,10.6,15,0.5,0.26,0.09,8.2,
20700,Legume. cooked (average),,8.38,12.1,0.62,1.31,0.12,9.34,0.012
20517,Broad bean. to shell. fresh,,6.76,4.2,0.67,0.37,0.13,5.85,0.094
20521,Lentils. sprouted,,8.86,19,0.58,,0.061,3.1,0.028
20534,lupin grain. raw,,36.2,21.5,9.74,,1.16,18.9,0.038
20536,Broad bean. fresh. frozen,,7.5,7.95,0.22,2.15,0.1,3.6,0.022
20537,flageolet bean. frozen,,9.32,25.6,0.7,0.4,0.1,4.4,0.78
20541,Broad bean. peeled. frozen. raw,,14.9,14.9,0.3,2,0,6.5,0.038
20501,Haricot bean. dry,,19.1,43.9,1.78,1.92,0.22,16.8,0.028
20504,Lentil. dried,,25.4,50.6,1.34,1.25,0.13,7.63,0.21
20515,Split pea. dried,,22.8,52,1.44,2.75,0.23,15.8,0.051
20516,Chick pea. dried,,20.5,47.5,5.85,6.5,0.55,13.3,0.08
20518,Broad bean. dried,,26.1,33.3,1.53,5.7,0.25,25,0.033
20525,Red kidney bean. dried,,22.5,46.1,1.06,2.1,0.15,15.2,0.03
20530,Beans. mung. mature. seeds. dry,,24.5,47.6,1.42,,0.24,16.7,0.066
20535,Lentil. pink or red. dried,,27.7,44.9,0.8,1.29,0.14,15.4,
20539,Flageolet bean. green. dried,,19.1,42.1,2.6,,0.35,23.4,0.02
20585,Lentil. green. dried,,25.1,44.5,1.8,1.1,0.24,16.4,
20586,Lentil. blond. dried,,26.1,48.3,1.9,1.4,0.32,12.1,
13000,Apricot. pitted. raw,45.9,0.81,9.01,,6.7,,1.7,
13002,Pineapple. pulp. raw,54.4,,11.7,,10.5,,1.2,
13005,Banana. pulp. raw,90.5,1.06,19.7,,15.6,,2.7,
13007,Black currant. raw,,1.33,9.68,0.86,9.68,0.14,5.8,0.0063
13008,Cherry. pitted. raw,55.7,0.81,13,,10,,1.6,
13009,Lemon. pulp. raw,27.6,,1.56,,0.8,,,
13010,Quince. raw,,0.51,13.4,0.1,6.3,0.0085,1.9,0.01
13012,Fig. raw,69.4,1.19,13.5,,12.2,,4.1,0.013
13014,Strawberry. raw,38.6,0.63,6.03,,5.6,,3.8,
13015,Raspberry. raw,49.2,1.19,5.83,0.8,5.4,0.13,4.3,
13016,Passion fruit. pulp and pips. raw,101,2.13,10.9,3,8.5,0.54,6.8,
13018,Pomegranate. pulp and pips. raw,80.6,1.44,14.3,1.2,13.3,0.07,2.3,
13019,Red currant. raw,68.5,1.56,7.06,0.7,6.63,0.21,4.6,
13020,Gooseberry. raw,,0.75,4.88,0.59,,0.058,4.03,0.0038
13021,Kiwi fruit. pulp and seeds. raw,60.5,0.88,11,0.6,8.9,0.13,2.4,
13023,Lychee. pulp. raw,81,1.13,16.1,,15.7,,2,
13024,Clementine or Mandarin orange. pulp. raw -> ARCHIVE,47.3,0.81,9.17,,8.6,,1.7,
13025,Mango. pulp. raw,73.9,0.63,14.3,,12.9,,1.6,
13026,Melon. cantaloupe (ex Cavaillon or Charentais melon). pulp. raw,62.7,1.13,14.8,,10.6,,1.3,0.06
13027,Mirabelle plum. raw,76.9,0.63,18,,13.3,,2.2,
13028,Blueberry. raw,57.7,0.87,10.6,0.33,9.96,0.028,2.4,0.0025
13029,Blackberry. raw,47.3,1.13,6.53,0.7,6.1,0.07,5.2,
13030,Nectarine. pulp and peel. raw,,1.16,8.9,0.31,7.89,0.025,1.7,0.0027
13034,Orange. pulp. raw,45.5,0.75,8.03,,7.6,,2.7,
13035,Papaya. pulp. raw,42.2,0.75,8.53,,8.1,,1.8,
13036,Watermelon. pulp. raw,38.9,0.69,8.33,,7.9,,0.5,
13037,Pear. pulp and peel. raw,,0.49,10.9,0.27,9.01,0.067,2.9,0.0045
13039,Apple. pulp and peel. raw,,0.25,11.6,0.25,9.35,0.052,1.4,0.0037
13040,Grapefruit. pulp. raw,39.8,,8.02,,6.6,,0.8,
13041,Greengage plum. raw,71.3,0.94,16.4,,10.4,,1.7,
13043,Peach. pulp and peel. raw,,1.08,9,0.33,8.16,0.027,1.6,0.0075
13044,Grape. white. raw,73.4,0.75,16.6,,15.5,,1,
13045,Grape. red. raw,,0.63,15.6,0.4,15,0.13,1.4,0.0075
13047,Rhubarb. stalk. raw,,0.78,1.47,0.23,1.47,0.053,2.47,0.0093
13050,Apple. pulp. raw,,0.27,10.7,0.13,10.1,0.021,1.3,0
13054,Carambola. pulp. raw,,1.15,3.9,0.32,3.9,0.019,2.8,0.005
13056,Cherimoya. pulp. raw,,1.72,15.4,0.64,12.9,0.23,2.65,0.018
13061,Feijoa. pulp. raw,,0.71,8.2,0.42,8.2,0.1,6.4,0.0075
13063,Prickly pear. pulp and seeds. raw,,0.37,6,0.31,1.02,0.01,4.45,0.011
13066,Persimmon. pulp. raw,68.6,0.88,14.3,,13.9,,3.4,
13067,Lime. pulp. raw,40.2,1.13,3.14,,2.1,,4.3,0.015
13071,Black mulberry. raw,,1.44,8.1,0.39,8.1,0.027,1.7,0.025
13077,Rambutan. pulp,,0.65,20,0.21,,,0.9,0.028
13080,Tamarind. mature fruit. pulp. raw,,2.65,57.4,0.6,38.8,0.24,5.1,0.07
13083,Guava. pulp. raw,,1.59,9.02,0.73,8.92,0.21,5.15,0.005
13085,Apple. Canada. pulp. raw,,0.4,11.6,0.1,11,,1.6,0.0092
13086,Apple. var. Golden. pulp. raw,54.9,,11.7,,11.3,,2.5,
13100,Plum. raw,,0.66,9.92,0.29,9.92,0.038,1.5,0.0075
13101,Grape. Chasselas. raw,79.1,0.75,16.9,0.5,16.5,0.12,2,
13107,Pear. peeled. raw,,0.3,10.4,0.1,10.4,,2.47,0.0075
13110,Morello cherry. raw,,1.1,10.5,0.3,8.49,0.084,1.65,0.0063
13112,Grape. raw,,0.72,15.7,0.16,15.5,0.054,0.9,0.005
13113,Cranberry. raw,,0.75,7.6,0.13,4.04,0.011,5.13,0.02
13121,Apple. var. Granny Smith. pulp. raw,53.9,,11.4,,10.6,,2.6,
13122,Apple. var. Granny Smith. pulp and skin. raw,51.5,,10.7,,10.1,,2.8,
13125,Lemon zest. raw,,1.38,5.4,0.3,4.17,0.042,10.6,0.015
13126,Elderberry. berries. raw,,0.64,11.4,0.5,,0.028,7,0.018
13132,Blueberry. frozen. raw,,0.68,8.9,0.43,8.9,0.032,2.81,0.0026
13134,Fruit salad. raw,,0.5,11.4,0.15,11.2,0,1.23,0.0037
13136,Raspberry. frozen. raw,,1.16,6.43,0.8,6.03,0.062,6.05,0.0053
13148,Nectarine. yellow. flesh and skin. raw,51.3,0.69,11.3,,8.8,,0.6,
13149,Nectarine. white. flesh and skin. raw,51.8,0.81,11.4,,8.9,,,
13150,Blackberry. frozen. raw,,1.22,10.7,0.42,,0.015,5,0.0025
13179,Grapefruit. yellow. pulp. raw,,0.69,7.31,0.1,7.31,0.014,1.1,0
13180,Grapefruit. red or pink. pulp. raw,,0.77,6.2,0.14,6.2,0.021,1.6,0
13188,Pear. var. Conférence. pulp. raw,53.1,,11.4,,9.4,,3.1,
13189,Pear. var. Williams. pulp. raw,54.1,,11.5,,9.4,,3.1,
13190,Apple. var. Chanteclerc. pulp. raw,51.8,,11.2,,10.8,,1.9,
13191,Apple. var. Gala. pulp. raw,54.5,,11.9,,11.1,,1.9,
13192,Apple. var. Pink lady. pulp. raw,60.1,,12.8,,12.3,,2.9,
13193,Peach. white-flesh variety. pulp and skin. raw,47.2,0.69,9.48,,8.7,,2.1,
13194,Peach. white-flesh variety. pulp. raw,46.1,0.63,9.63,,7.8,,1.1,
13195,Peach. yellow-flesh variety. pulp. raw,46.3,0.69,9.8,,7.6,,1,
13529,Durian. pulp. raw,,1.47,23.3,5.33,,,3.8,0.005
13549,Kumquat. without pips. raw,,1.57,9.6,1.18,9.36,0.17,5.45,0.02
13552,Longan. pulp,,1.31,14,0.1,,,1.1,0
13614,Pummelo. pulp. raw,,0.76,8.62,0.04,,,1,0.0025
13620,Apple. var. Golden. pulp and skin. raw,57.1,,12.8,,11.5,,1.4,
13621,Grape. red. Muscat. raw,90.1,0.69,20,,19.6,,2.7,
13742,Melon. honeydew. pulp. raw,,0.58,4.3,0.17,4.3,0.044,0.75,0.06
13997,Red berries (raspberries. strawberries. red currants. black currants) . raw,,1.11,7.88,0.31,7.4,0,5.3,0.008
13999,Fruit (average),59.5,0.7,11.6,0.26,9.89,0.023,1.97,0.0088
13038,Apple compote,102,0.23,24.4,0.21,20.7,0.017,1.53,traces
13048,Rhubarb. stalk. cooked. with sugar,,0.39,29.2,0.05,28.7,0.014,2,0.0025
13108,Fruits compote. miscellaneous,102,,23.9,0.092,23.1,0.068,2,
13109,Fruits compote. miscellaneous. reduced sugar,66,,15.3,0.08,14.6,0.037,1.6,
13128,Chayote,,0.72,2.8,0.12,1.66,0.028,1.7,0.005
13129,Fruits compote. miscellaneous. reduced sugar. refrigerated,,0.32,14.9,0.48,14.3,0.14,1.4,0.011
13151,Apple compote. reduced sugar,65.1,,15.1,0.08,14.3,0.064,1.3,
13152,Fruits dessert. all types (fruits dessert's sugar content is less than fruits compote but more than fruits compote reduced sugar),,0.32,19.5,0.2,16.6,0.028,1.61,0.0049
13153,Fruits puree. without sugar added,58.9,,13.4,,11.3,,1.7,
13154,Stewed fruits. sweetened (pulp or mixed fruits. w or without sugar. but always with other ingredient),,0.41,16.9,0.56,15.8,0.12,1.53,0.0084
13175,Apple. pulp. roasted/baked,,,21,,17.5,,3,
13176,Apples. raw. without skin. cooked. boiled/cooked in water,,0.26,11.2,0.36,11,0.058,2.4,0.0025
13185,Fruit compote. reduced sugar or not,80.1,0.25,18.6,0.15,16.7,0.03,1.68,0.0048
13187,Fruits puree. apple. without sugar added,56.4,1.13,11.7,,11.7,,1.7,
13998,Fruit sauce,,0.8,25.1,0.54,25.1,,3.46,0.014
13704,Apricot. canned in syrup (sugar content unknown). drained,,0.5,16.2,0.25,15.3,,1.4,0.03
13705,Fruit cocktail or salad. canned in syrup (sugar content unknown). drained,,0.25,16.2,0.25,13.2,,2.02,0.022
13706,Fruit cocktail or salad. canned in syrup. drained,,,17.4,,13.8,,2.1,0.032
13707,Fruit cocktail or salad. canned in syrup. not drained,,,18.3,,14.3,,1.26,0.003
13708,Fruit cocktail or salad. canned in light syrup. drained,,,14.4,,12.2,,1.9,0.0083
13709,Fruit cocktail or salad. canned in light syrup. not drained,,,14.5,0.061,12.3,0.009,1.18,0.0026
13712,Apricot. canned in light syrup. drained,,0.94,13.7,,13.3,,1.4,0.024
13713,Apricot. canned in light syrup. not drained,,0.81,14,0.043,14,0.003,0.83,0.025
13714,Apricot. in syrup. canned. drained,,0.5,16.2,,15.3,,1.4,0.03
13715,Apricot. in syrup. canned. not drained,,0.29,16.6,,15.1,,0.81,0.03
13716,Pineapple. in pineapple juice. canned. drained,,,13.6,,12.8,,1.4,
13717,Pineapple. in pineapple juice. canned. not drained,,,13.6,,12.6,,0.92,0.00049
13718,Pineapple. in light syrup. canned. drained,,,15.9,,15.9,,1.6,0.0048
13719,Pineapple. in light syrup. canned. not drained,,,16,0.078,15.7,0.009,1.01,0.0047
13730,Peach. canned in light syrup. drained,,0.5,13.8,,13.1,,1.5,0.033
13731,Peach. canned in light syrup. not drained,,0.31,14.1,0.038,12.9,0.003,0.92,0.0022
13734,Pear. canned in light syrup. drained,64.9,,13.9,0.4,11.5,,2.6,
13735,Pear. canned in light syrup. not drained,,0.3,14.5,0.12,12.1,0.002,1.23,0.013
13001,Apricot. pitted. dried,239,2.88,59.1,0.5,34.3,0.19,8.3,
13011,Date. pulp and peel. dried,,1.81,64.7,0.25,64.7,0.075,7.3,0.098
13013,Fig. dried,,2.99,54.3,0.87,49.2,0.35,9.72,0.22
13042,Prune,229,1.63,55.4,0.4,38.1,0.16,5.1,
13046,Raisin,321,3,73.2,0.9,70.3,0.31,4.2,0.013
13051,Tropical fruit mix. sweetened. for snack. dried,389,2.19,69.5,10.5,59.4,9.16,3.4,0.22
13089,Banana. pulp. dried,,3.89,78.4,1.81,47.3,0.7,9.9,0.0075
13111,Apple. dried,,0.78,57.2,0.31,54.6,0.058,8.7,0.22
13118,Peach. dried,,5,68.9,1,,0.092,14.3,0.2
13178,Cranberry. dried. with sugar,333,,76.4,1,72.8,0.2,5.7,
13623,Apricot. pitted. dried. rehydrated to 35-45% water,200,2.31,51.1,0.4,29.9,0.16,3.5,
13400,Mammee. pulp. canned in syrup. not drained. sampled in the island of La Martinique,,0.28,13.3,0.1,7.3,,1.8,
13401,Mammee. pulp. raw. sampled in the island of La Martinique,,0.48,10.8,0.05,3.7,,3.1,
13402,Pineapple. pulp. raw. sampled in the island of La Martinique,,0.56,,0,,,,
13403,Star apple or milk truit. pulp. raw. sampled in the island of La Martinique,,0.31,,2.87,,,,
13404,Acerola. pulp. raw. sampled in the island of La Martinique,,0.56,,0.097,,,,
13405,Grapefruit. pulp. raw. sampled in the island of La Martinique,,0.48,,0.3,,,,
13406,Mammee. crisps. sampled in the island of La Martinique,,0.96,68.7,18.7,33.3,,6.2,
13407,Guava. pulp. mashed. sampled in the island of La Martinique,,0.83,,0.0067,,,,
13408,Star fruit juice. filtered. sampled in the island of La Martinique,,4.52,,0.15,,,,
13409,Star fruit juice. non filtered. sampled in the island of La Martinique,,0.063,,0.03,,,,
13410,Punch lemon juice (small grade). pure juice. sampled in the island of La Martinique,,0.48,,0.14,,,,
13411,Green lemon juice (big grade). pure juice. sampled in the island of La Martinique,,0.69,,0.46,,,,
13412,Soursop juice. sampled in the island of La Martinique,,0.65,,0.43,,,,
13413,Passion fruit juice. pure juice. sampled in the island of La Martinique,,1.08,,0.37,,,,
13414,Pomegranate. juice. sampled in the island of La Martinique,,0.69,,0,,,,
13415,Lime juice. pure juice. sampled in the island of La Martinique,,0.35,,0.57,,,,
13416,Common mandarin juice. pure juice. filtered. pasteurized. sampled in the island of La Martinique,,,,,9.4,,,
13417,Common mandarin juice. pure juice. filtered. sampled in the island of La Martinique,,0.61,8.63,0.57,8.63,,,
13418,Macaque mandarin. pure juice. filtered. sampled in the island of La Martinique,,0.6,10.8,0,3.87,,,
13419,Moubin. pure juice. sampled in the island of La Martinique,,0.88,,0.19,,,,
13420,Grapefruit (local variety). pure juice. sampled in the island of La Martinique,,0.42,,0.19,,,,
13421,Prune de cythère or pommecythere or golden apple (local variety). giant. mature. pure juice. filtered. sampled in the island of La Martinique,,0.29,7.13,0.19,4.34,,1,
13422,Prune de cythère or pommecythere or golden apple (local variety). giant. green or immature. pure juice. filtered. from La Martinique,,0.44,6.55,0.28,0.03,,0.8,
13423,Prune de cythère or pommecythere or golden apple (hybrid variety). dwarf. mature. pure juice. filtered. from La Martinique,,0.69,9.97,0.21,6.14,,0.9,
13424,Prune de cythère or pommecythere or golden apple (hybrid variety). dwarf. green or immature. pure juice. filtered. from La Martinique,,0.67,6.34,0.26,0.19,,0.8,
13425,Common mandarin. pulp. canned in syrup. not drained. sampled in the island of La Martinique,,,,,17.4,,0.7,
13426,Mango bassignac. pulp. raw. sampled in the island of La Martinique,,0.32,18.5,traces,,,3.2,
13427,Mango moussache. pulp. raw. sampled in the island of La Martinique,,1.28,20.9,traces,,,2,
13428,Mangue julie. pulp. raw. sampled in the island of La Martinique,,0.71,18.3,traces,,,2.8,
13429,Green mango. pulp. raw. sampled in the island of La Martinique,,1.31,12.2,traces,,,3.4,
13430,Melon. pulp. raw. sampled in the island of La Martinique,,1.08,,0.047,,,,
13431,Orange (local variety). pulp. raw. sampled in the island of La Martinique,,0.6,,0.67,,,,
13432,Bitter orange. pulp. raw. sampled in the island of La Martinique,,0.73,,0.43,,,,
13433,Watermelon. pulp. raw. sampled in the island of La Martinique,,0.77,,0.26,,,,
13434,Cashew apple. pulp. raw. sampled in the island of La Martinique,,0.79,,0.11,,,,
13435,Sugar apple. pulp. raw. sampled in the island of La Martinique,,1.48,,0.57,,,,
13436,Pomme d'eau or malaca apple. pulp. raw. sampled in the island of La Martinique,,0.44,,0.023,,,,
13437,Pomme liane. pulp. raw. sampled in the island of La Martinique,,0.88,,0.22,,,,
13438,Prune de cythère. mûre. raw. sampled in the island of La Martinique,,0.54,,0.03,,,,
13439,Prune de cythère or pommecythere or golden apple. green or immature.whole. raw. sampled in the island of La Martinique,,0.6,,0.07,,,,
13440,Jacques. pulp. raw. sampled in the island of La Martinique,,1.98,,0.21,,,,
13200,Mango José. flesh. raw. from the island La Réunion (Mangifera indica L.),88.8,0.75,19.3,0.5,18.4,0.18,1.8,
13201,Queen Vicoria ananas. flesh. raw. from the island La Réunion (Ananas comosus (L.) merr var. Queen),71.8,0.94,15.1,,14.9,,2.4,
13202,Colombo Papaya (fruit). mature. seeds and peel removed. raw. from the island La Réunion (Carica papaya L.),40,0.56,7.88,,7.7,,2.2,
9570,Chestnut flour,,5.69,70.4,3.43,,0.52,12.6,
15000,Almond. (with peel),,18.8,9.51,51.3,4.2,4.11,12.5,
15001,Peanut,,22.8,14.8,49.1,5.9,8.4,8.6,0.022
15002,Peanut. grilled. salted,,22.9,15,50,4.22,8.64,8.04,1.33
15004,Hazelnut,,14.4,7.16,56.9,4.9,4.75,11.6,
15005,Walnut. dried. husked,,13.3,6.88,67.3,3,6.45,6.7,
15006,Coconut. ripe kernel. fresh,,3.33,6.22,33.5,6.22,29.7,9,0.05
15007,Coconut. kernel. dried,,6.62,8.55,66.3,6.64,57.7,14,0.064
15008,Brazil nut,,14.8,6.17,66.1,2.33,16,6.4,0.0075
15009,Pistachio nut. grilled. salted,,18.9,15.9,49.5,7.57,6.58,9.32,1.67
15010,Sesame seed,,17.6,9.85,49.7,0.3,7.09,14.9,
15011,Sunflower seed,,21.3,10.1,55.5,2.62,6.23,6.4,0.014
15013,Chestnut cream,,1.28,55,0.67,,,1.3,
15014,Coconut. immature kernel. fresh,,3.33,6.22,33.5,6.22,29.7,9,0.05
15016,Chestnut cream. vanilla flavoured. canned,,0.96,59.8,0.7,43,0,3.2,
15018,Mix of salted grains/nuts and raisins,560,16.6,27.1,39.6,21.6,4.98,8.4,0.42
15019,Cashew nut. grilled. salted,,15.2,26.7,49.5,8.01,10.5,3.85,1.15
15020,Chestnut. boiled/cooked in water,,2,23,1.38,,0.26,4.5,0.068
15021,Chestnut. grilled,,3.17,47.9,2.2,10.6,0.41,5.1,0.005
15023,Walnut. fresh,,11,9.94,31.8,1.3,2.93,3.9,
15024,Chestnut. raw,,1.81,36.5,2.23,7.86,0.37,7.45,0.0081
15025,Pine nuts,,13.7,6.31,65,5.21,5.53,10,0.023
15026,Pecan nut,,9.57,5.43,72.6,3.64,6.62,8.33,0.0025
15027,Macadamia nut,,7.91,5.22,75.8,4.24,11.8,8.6,0.013
15028,Cucurbitacea. seed,,30.2,4.71,49.1,1.4,8.66,6,0.018
15029,Alfalfa seeds. sprouted. raw,,3.28,0.91,0.7,0.2,0.069,1.9,0.015
15032,Alfalfa seeds. raw,,29.7,39.3,12.6,,,7.9,
15033,Hazelnut. grilled,,14.4,5.21,66,4.26,4.51,9.4,
15034,Flaxseed,,20.2,6.6,36.6,1.55,3.17,27.3,0.051
15035,Sesame seed. husked,,21.1,4.5,56.1,0.48,8.1,11.9,0.073
15037,Peanut. dry-grilled. salted,,21.6,18.2,47.7,3.7,7,7.4,1.8
15038,Sesame seed. grilled. husked,,17,9.14,48,0.48,6.72,16.9,0.098
15039,Chestnut. canned,,1.96,28.8,1.4,3.9,0.4,4,0.13
15041,Almond. peeled. unpeeled or blanched,,21.4,8.76,52.5,4.63,3.95,9.9,0.048
15042,Almond. grilled. salted,,21.1,8.72,53.9,4.86,4.09,10.9,1.25
15043,Macadamia nut. grilled. salted,,7.04,9.95,70.2,4.4,11,9.5,0.9
15044,Pistachio nut. grilled,,18.4,18.6,47.4,7.74,5.52,10.1,0.015
15045,Sunflower seed. grilled. salted,,19.3,15.1,49.8,2.73,5.22,9,1.64
15046,Pecan nut. salted,,10.2,5,73,4.9,7.1,3,1
15047,Seeds. chia. dried,,16.5,7.72,30.7,,3.33,34.4,0.04
15048,Mix of unsalted grains/nuts and dried fruit,,8.29,32.2,26.3,7,5.07,6.36,0.3
15049,Mix of unsalted grains/nuts and raisins,541,12.5,31.8,37.2,29.4,4.96,9.6,0.018
15050,Hazelnut. grilled. salted,,13.4,7.67,61.2,2.91,6.43,9.43,0.83
15052,Flaxseed. brown,,18,3.56,42.2,1.4,4.61,26.9,0.095
15053,Peanut. grilled. non-salted,,23.4,11.3,51.9,2.54,7.93,8.67,0.018
15054,Cashew nut. grilled. unsalted,618,17.4,21.3,48.1,6.64,8.24,8.4,0.015
15055,Cashew nut. dry-grilled. unsalted,630,17.4,23.5,49,6.63,8.87,5.7,0.02
15201,Almond paste or marzipan. prepacked,432,5.8,70.3,13.5,60.1,1.05,2.8,0.018
15202,Peanut butter or peanut paste,,22.2,16.1,52.5,10.5,10.4,5,0.97
15203,Tahini (sesame paste),,17.7,13.8,53.4,0.49,7.48,7,0.19
20581,Peanut. boiled/cooked in water. w salt,,15.5,9.54,22,2.47,3.06,8.8,1.88
20901,Soybean. whole grain,432,34.5,20.8,19.2,7.33,2.72,13,0.0075
9081,Durum wheat pre-cooked. whole grain. cooked. unsalted,149,5.54,27.4,0.9,traces,0.23,3.8,
9085,Asian noodles. flavoured. cooked,147,4.78,18.8,4.3,2,0.5,6.3,1.2
9086,Asian noodles. plain. cooked. unsalted,165,3.5,21.4,6.9,,3.16,1,0.23
9103,Rice. brown. cooked. unsalted,158,3.21,32.6,1,,0.17,2.3,
9104,Rice. cooked. unsalted,145,2.92,31.8,0.41,,0.076,0.8,
9105,Rice. parboiled. cooked. unsalted,146,2.95,31.7,0.56,0.11,0.33,1.1,0.0059
9110,Rice. red. cooked. unsalted,141,3.45,28.2,0.69,,,4,0.0088
9111,Wild rice. cooked. unsalted,102,3.8,19.7,0.34,0.73,0.049,1.8,0.0075
9124,Rice. thaï. cooked,143,2.92,30.5,0.7,traces,0.3,1.1,
9125,Rice. basmati. cooked,117,2.74,24.4,0.6,traces,0.3,1,
9313,Oat flakes. boiled/cooked in water,75.5,2.54,11.9,1.52,0.27,0.31,1.7,0.01
9322,Pearled barley. boiled/cooked in water. unsalted,119,2.26,24.4,0.44,0.28,0.093,3.8,0.0075
9331,Millet. cooked. unsalted,116,3.51,22.4,1,0.13,0.17,1.3,0.005
9341,Quinoa. boiled/cooked in water. unsalted,149,4.66,27.9,1.1,0.87,0.14,3.8,0.015
9615,Polenta or maize semolina. cooked. unsalted,77.5,1.38,16.9,,0.1,,1.6,
9683,Couscous (precooked durum wheat semolina). cooked. unsalted,157,4.56,31,1,1.6,0.25,2.3,
9691,Wheat bulgur. cooked. unsalted,111,3.73,21.7,0.5,traces,0.11,2.2,0.018
9811,Dried pasta. cooked. unsalted,126,3.99,25,0.55,0.6,0.11,1.9,
9816,Fresh egg pasta. cooked. unsalted,168,5.76,32,1.3,,,1.5,0.042
9822,Dried egg pasta. cooked. unsalted,134,4.57,23,2,0.8,0.34,2,
9824,Dried pasta. gluten-free. cooked. unsalted,163,3.09,34.4,1.1,0.49,0.29,1,0.015
9871,Dried pasta. wholemeal. cooked. unsalted,128,4.55,23.4,0.9,0.6,0.099,3.3,
9875,Rice-maize based pasta. gluten-free. boiled,170,3.15,36.6,0.8,traces,0.35,1.3,
9876,Lens based pasta. gluten-free. boiled,168,11.7,25.1,0.8,1.03,0.16,4.9,
9901,Rice noodle. cooked. unsalted,89.3,1.43,20.1,,,,,0.024
9903,Soy noodle. cooked. unsalted,61.2,,14.4,0.1,,,0.8,0.0063
25479,Gnocchi. from semolina. cooked,185,5.6,34.4,2.4,0.2,0.4,1.8,1.2
25510,Gnocchi. from potato. cooked,177,5.01,33.6,2.05,1.1,0.26,2,1.01
25579,Gnocchi. cooked (average),181,6.34,34,7.88,0.65,0.33,1.9,1.06
51511,Frik (crushed immature durum wheat). cooked. unsalted,76,2.04,14,0.48,,,3.5,0.005
9001,Spelt. raw,344,14.6,59.5,2.43,6.68,0.41,10.7,0.02
9003,Khorasan wheat,342,14.5,59.5,2.13,7.74,0.2,11.1,0.013
9010,Wheat. whole. raw,,,,,,,,
9011,Wheat sprouted. raw,211,7.49,41.4,1.27,,0.21,1.1,0.04
9060,Durum wheat. whole. raw,343,12.1,62.4,2.24,3.17,0.37,11,0.0088
9080,Wheat. whole. pre-cooked. raw,359,13.7,67.7,1.83,0.83,0.37,6.67,0.01
9100,Rice. raw,352,7.04,78,0.91,0.16,0.2,1.05,0.0061
9101,Rice. parboiled. raw,356,7.11,78.6,0.98,0.4,0.21,1.32,0.012
9102,Rice. brown. raw,350,7.02,71.4,2.8,0.66,0.61,5,0.01
9108,Wild rice. raw,344,11.1,69.2,0.94,2.5,0.14,5.9,0.0068
9109,Rice. red. raw,352,7.97,70.6,3,,,4.5,0.028
9119,Basmati rice. raw,353,7.67,77.8,0.84,0.17,0.19,0.92,0.014
9120,Rice. thaï or basmati. cooked,,2.86,28.3,,,,0.8,
9121,Rice. mix of species (white. wholegrain. wild. red.etc.). raw,355,7.14,78.1,1,0.5,0.2,1.5,0.025
9200,Corn or maize grain. raw,346,8.1,67.2,3.7,1.6,,5.7,0.01
9310,Oat. raw,378,16.9,55.7,6.9,1.2,1.22,10.6,0.005
9320,Barley. whole. raw,334,12.5,56.2,2.3,0.8,0.48,17.3,0.03
9321,Pearled barley. raw,346,9.91,68.6,1.16,0.8,0.24,9.1,0.023
9330,Millet. whole,359,11,64.3,4.21,,0.72,8.5,0.0068
9340,Quinoa. raw,358,13.2,58.1,6.07,,0.71,7,0.013
9345,Amaranth. raw,369,13.5,58.6,7.02,1.68,1.46,6.7,0.01
9360,Sorghum. whole. raw,349,10.6,65.4,3.46,2.48,0.61,6.7,0.005
9380,Buckwheat. whole. raw,356,12.9,64.6,3.55,,0.74,7,0.0025
9390,Rye. whole. raw,334,9.83,61,1.97,0.98,0.25,15,0.0073
9610,Durum wheat semolina. raw,352,10.9,71.6,1.25,1,0.21,3.37,0.003
9611,Semolina. cooked,122,3.42,24,0.8,3,0.25,1.9,
9612,Mix of cereals and legumes. raw,354,13.7,59,4,4.5,0.5,11,0.99
9614,Polenta or Maize/corn semolina. pre-cooked. dried,350,7.88,74,1.8,,,3.2,0.0043
9681,Couscous (precooked durum wheat semolina). raw,365,12,72.7,1.45,2.95,0.28,4.33,0.013
9690,Wheat bulgur. raw,351,11.5,66.8,1.71,0.41,0.27,9.57,0.043
9810,Dried pasta. raw,336,11.5,65.8,1.79,2.12,0.37,3,0.031
9815,Fresh egg pasta. raw,283,10.1,53.8,1.87,2.54,0.49,3.17,0.35
9821,Dried egg pasta. raw,381,14,68,4.72,2.19,1.34,3.15,0.085
9863,Asian noodles. flavoured. dehydrated,371,11.9,71,3,0.5,1,4,0.99
9870,Dried pasta. wholemeal. raw,353,11.8,67.6,2.2,1.8,0.38,6.1,0.016
9874,Dried pasta. gluten-free. raw,356,6.17,79,1.24,0.38,0.24,1.22,0.0078
9900,Rice noodle. dried,365,7.44,80.5,1,0,0.3,1.2,0.03
9902,Soy vermicelli or soy noodle. dried,344,,84.7,0.14,1.38,0,1.6,0.039
26264,Gnocchi. from potato. raw,176,4.66,35,1.42,3.18,0.3,2.2,1.18
26265,Gnocchi. from semolina. raw,200,6.2,37,2.6,9.9,0.34,1.9,2.21
51510,Frik (crushed immature durum wheat). raw,323,9.62,55.8,2.25,,,19.3,0.011
7000,Bread (average),276,8.21,54.4,1.61,2.74,0.37,3.84,1.28
7001,Bread. French bread. baguette,287,8.27,58.3,1.4,2.3,0.45,2.7,1.3
7002,Bread. French bread (baguette or ball). with yeast,261,7.41,53.1,1.3,2.4,0.2,2.1,
7007,Bread. French bread. baguette. unsalted,279,8.15,56.6,1,2.1,0.27,3.8,1.33
7010,Brown bread. French bread (baguette or ball). with flour type 80 or 110,265,8.6,54,0.33,2.39,0.045,4.2,
7012,Bread. French bread. ball. 400g,266,7.9,52,2,,0.42,2.6,1.33
7025,Brear (baguette or ball). made with type T55-T110 flour,257,8.68,49.9,1.19,1.37,0.17,4.33,1.37
7100,Country-style bread. French bread (baguette or ball),253,7.52,50,1.3,2.5,0.42,4.3,1.35
7110,Bread. wholemeal or integral bread (made with flour type 150),244,8.38,44.3,1.8,2.2,0.52,6.9,1.12
7111,Sandwich loaf. wholemeal,262,8.51,43.7,4.06,5.69,0.96,6.23,1.18
7112,Sandwich loaf. bran grain,278,6.84,46,5.5,3.53,,7,1.35
7113,Sandwich loaf. multigrain,274,8.81,43.6,5.41,4.42,1.15,5.74,1.29
7115,Bran grain bread,249,8.03,44.4,2.6,2.04,0.2,6.21,1.65
7125,Rye bread. and wheat,260,8.27,51.5,1,2.4,0.32,4.5,1.35
7130,Bread. gluten free,261,2.62,51.8,3.3,4.9,1.24,6.5,1.56
7160,Bread. French bread. without salt,279,8.3,56.5,1.3,8.6,0.3,2.68,0.013
7170,Panini bread,272,7.66,55.9,1.1,2.3,0.22,2.6,1.55
7180,Pita bread,259,7.53,53,0.92,2.18,0.17,2.68,1.38
7200,Sandwich loaf,278,7.13,52.3,3.6,7.8,0.58,1.8,1.15
7201,Sandwich loaf. crust less. prepacked,271,7.52,49.5,3.8,9.2,0.35,3,1.06
7210,Brioche sandwich bread. prepacked,309,7.87,52.4,6.5,11.5,0.76,3.1,1.12
7255,Bread. French bread. (baguette or ball). multigrain. from bakery,269,9.58,46.9,3.2,2.2,0.45,5.2,1.13
7256,English muffin. wholewheat flour. prepacked,217,12.5,32.9,1.87,2.13,0.2,7.07,0.98
7257,English muffin. prepacked,228,10.6,39.6,1.88,4.25,0.42,3.18,1.05
7258,Bagel,272,9.26,47.3,3.98,5.36,1.02,3.42,1.08
7259,Rolls for hamburger/hotdog (buns). prepacked,293,9.07,49.7,5.35,5.88,0.88,3.3,1.14
7260,Bread. home-made. with flour for home-made bread preparation,256,7.81,52.1,0.9,,0.17,2.6,1.45
7261,Country-style bread. home-made (with flour for bread making machine),240,7.98,46.7,0.9,,0.18,5.1,1.34
7262,Rolls for hamburger/hotdog (buns). wholemeal. prepacked,285,8.89,46.3,5.75,5.38,0.55,4.75,1.11
7263,Bretzel,330,9.18,54.6,7.1,3.58,0.95,3.8,3.35
7813,Corn tortilla wrap. to be filled,313,9.06,54.7,5.8,2.6,0.78,2.8,1.08
7815,Wheat tortilla wrap. to be filled,327,8.34,52.1,8.2,1.55,3.85,3.85,1.25
23805,Blinis,,5.98,33.7,11.2,3.14,3.19,2.35,1.32
7004,Toasted bread. home-made,317,9.46,64,1.3,1.4,0.52,3.7,1.51
7300,Rusk,409,9.8,76.6,5.9,6.8,1.98,3.1,1.27
7301,Rusk. w eggs,417,10.9,69,9.28,9.01,6.17,4.85,0.99
7310,Rusk. unsalted,405,10.4,74,5.88,5.67,2.63,5.16,0.046
7330,Rusk. multigrain,398,11.8,66.7,7.22,5.4,2.51,7.08,1.51
7340,Rusk. wholemeal or rich in fibre,393,11.7,67,6.17,4.32,2.61,8.84,1.25
7351,Wheat crackers,450,7.75,75,12,0.4,4.5,4.1,1.5
7352,Puffed rice textured bread. wholemeal,385,7.32,80.5,3,0.73,0.54,2.9,0.18
7353,Puffed cereals textured bread,394,8.43,82.4,2.5,0.98,0.33,3,0.23
7354,Maize crispbreads,,7.08,,1.7,0.3,0.36,,0.2
7400,Rusk. slice. wheat,404,9.76,74.4,6.16,5.28,2.49,4.34,1.56
7403,Rusk with eggs. sliced. prepacked,419,10.6,70.8,9.19,11,4.18,3.58,1.03
7407,Wheat swedish toast,402,8.89,68.5,8.25,6.2,1.64,7.3,1.06
7409,Swedish toast. with linseeds,396,10.3,63,9,4.67,1.17,9,1.57
7410,Crispbread. extruded and grilled,379,9.97,73.7,3.57,6.36,0.96,4.37,1.43
7420,Wheat swedish toast. wholemeal,398,10.5,66.4,8,2,3,7,1.53
7421,Swedish toast. with fruits,401,7.98,70.8,8,13,3,5.25,0.86
7425,Rusk . slice. multigrain,419,11.1,68.8,9.3,3.68,1.04,5.95,1.09
7431,Croutons. for spreads,374,12.3,70,2.85,7.5,1.45,7,1.3
7432,Croutons. plain. prepacked,495,8.38,59.1,24.1,4,4.3,2.6,1.7
7500,Breadcrumbs,374,11.6,70,3.77,6.9,0.94,4.5,1.82
7525,Grissini or bread stick,433,12.7,65.3,11.8,2.06,2.78,5.16,1.8
38500,Crouton with garlic. herbs or onions. prepacked,492,8.81,58.9,24.1,11.8,2.24,2,2.44
9230,Pop-corn or oil popped maize. salted,485,11,52.6,23.8,0.57,9.85,8.1,1.2
9231,Pop-corn or air-popped maize. unsalted,417,10.2,60,12.3,0.87,4.57,12.8,0.02
9232,Pop-corn or popped maize. with caramel,418,3,85.4,6.5,62,1,3,0.14
38104,Prawn crackers,508,3.1,63.7,26.6,7.1,2.4,1,1.53
38105,Corn chips or tortilla chips,495,6.56,59.5,24.7,2.62,9.98,4.19,1.42
38106,Puffed salty snacks. made from potato,484,4.25,60.5,24.1,1.61,6.34,3.81,3.14
38107,Salty snacks. mini pretzels or sticks,379,11.2,74.4,3.13,2.02,1.4,4.32,3.73
38108,Puffed salty snacks. made from potato and soy,409,17.4,58.3,9.33,7.17,0.9,7.67,2.08
38399,Salty snacks,486,9.2,60.3,22.3,3.82,9.48,3.41,2.43
38400,Puffed salty snacks. made from maize/corn. without peanuts,489,6.96,62.1,23,2.79,9.66,3.1,2.48
38401,Salty snacks. crackers. garnished or filled with cheese,537,13.8,46.3,32.2,5.38,19.9,3.37,1.89
38402,Salty snacks. crackers. plain,499,10.5,59,23.9,5.44,12.1,3.14,2.3
38403,Salty snacks. crackers. reduced fat,410,6.53,73.1,9.33,3.97,4.67,3.67,3
38404,Puffed salty snacks. made from maize/corn. with peanuts,487,13.3,54.8,22.9,3.13,5.94,3.99,1.88
38405,Salty snacks. made from potato,521,4.63,59.1,28.8,2.86,9.02,3.31,1.62
38406,Coated peanuts,518,15.8,45.4,29.7,4.51,7.8,3.18,2.82
38407,Salty snacks. puff pastry,509,12.3,53.7,26.5,1.86,17.5,2.69,2.54
38408,Salted crispy crepe with cheese. prepacked,555,9.3,48.8,35.6,14.2,23.3,1.25,1.73
4090,Potato starch,348,0,86.3,0.2,,0.039,0.55,0.0094
9311,Oatmeal flakes,367,13.3,57.9,6.51,0.97,1.13,10.2,0.014
9410,Wheat flour. type 110,343,9.61,68.6,1.5,1.6,0.27,6.8,
9415,Wheat flour. type 150,342,11.4,64.9,1.52,1.77,0.22,10.2,0.035
9435,Wheat flour. type 65,346,13.6,67.6,1,1.5,,3.5,0.03
9436,Wheat flour. type 55 (for bread),350,9.03,73.7,1,1.5,0.19,3.2,
9437,Wheat flour. self-raising,350,9.12,74,1,2.5,0.5,2.5,
9440,Wheat flour. type 55 (for pastry),356,9.06,75.9,0.82,0.41,0.13,2.5,0.098
9445,Wheat flour. type 80,355,9.95,73.2,1.18,1.77,0.17,4.2,
9480,Spelt flour,352,11.4,64,3,1.3,0.5,9.3,
9510,Maize/corn starch,362,0.43,89.2,0.25,0,0.009,0.8,0.019
9520,Rice flour,357,7.62,73.9,2.5,0.9,0.46,3.3,
9530,Rye flour. type 170,315,15.9,44.8,2.22,2.31,0.27,23.8,0.005
9532,Rye flour. type 85,344,8.12,70.7,1.37,0.93,0.15,7.15,0.0051
9533,Rye flour. type 130,344,7.24,70.9,1.12,1.1,0.22,9.5,0.0061
9540,Buckwheat flour,348,11.5,68.4,2.19,0.03,0.33,4.2,0.042
9545,Maize/corn flour,361,6.23,78.1,2.1,0.64,0.27,2.55,0.0025
9550,Barley flour,339,9.91,64.5,2.3,0.8,0.43,8.85,0.0081
9555,Millet flour,350,10.2,63.2,4.1,0.5,0.76,9.7,
9580,Chick pea flour,359,22.4,47,6.69,10.9,0.69,10.8,0.16
20900,Soya flour,460,35.8,22.9,21.4,7.5,3.04,10,0.019
96781,Rice starch,343,0.6,85,0,,,traces,
23402,Thin-crust pizza shell. raw,279,7.71,44.6,7.01,2.21,1.52,1.87,1.89
23410,Short crust pastry. raw,377,5.35,43.6,19.5,3.77,8.96,1.8,1.06
23412,Pastry. short crust. baked,505,7.47,58.3,26.4,,3.93,0.9,1.73
23414,Short crust pastry. pure butter. raw,384,5.77,44.9,19.5,3.23,13.1,1.88,1.49
23415,Short crust pastry. pure butter. frozen. raw,387,5.65,43.3,20.7,7.55,11.5,1.6,0.83
23416,Pastry. short crust. pure butter. cooked,497,7.58,61.1,23.9,3.22,16.1,1.7,1.25
23420,Puff pastry. raw,377,5.41,41.4,20.4,2.31,7.57,1.87,1.15
23421,Puff pastry. frozen. raw,400,3.28,33.3,27.4,1.7,13.3,3.05,1.12
23422,Puff pastry. cooked,531,7.19,54.1,31,0.3,15.9,1.8,1.57
23424,Puff pastry. pure butter. raw,368,5.6,39.7,20.1,3.03,14.1,2.32,1.37
23425,Puff pastry. pure butter. frozen. raw,398,4.99,35.3,25.8,1.33,17.7,1.4,0.86
23426,Puff pastry. pure butter. cooked,509,4.61,57,28.7,1.05,19,1.2,1.03
23430,Filo or phyllo pastry sheets. baked. without fat,378,6.16,82.4,1.76,,0.28,3,
23440,Shortbread dough. raw,404,5.3,51,19.6,13,9.94,1.2,0.25
23442,Shortbread dough. cooked,505,5.7,64.4,24.6,22.9,11.8,1.5,0.27
23444,Shortbread dough. pure butter. raw,383,5.95,53.6,15.8,13.4,10.1,1.65,0.029
23445,Phyllo or filo dough. raw,289,7.1,50.8,6,0.18,1.47,1.9,1.21
23446,Shortbread dough. pure butter. frozen. raw,423,4.9,60.9,17.5,21.3,12,1.2,0.17
23448,Shortbread dough. pure butter. cooked,469,6.2,63,20.9,20.1,13.7,1.9,0.47
37001,Pizza base. raw,240,7.05,44.2,3.45,1.4,0.25,2.2,1.31
51550,Khatfa (phyllo or filo pastry). prepacked,283,7,59,1.5,2,0.1,2.5,3.25
96778,Pizza base. cooked,324,7.75,55.3,7.1,3.3,1.74,2.5,1.7
6584,white meat. cooked (average),173,28.1,0.26,6.55,0.0019,2.15,0.0009,0.17
6585,Red meat. cooked (average),195,26,0.027,10.1,,4.16,0,0.22
6999,Meat. cooked (average),182,27.2,0.24,8.04,0.011,3,0.0083,0.2
36900,Poultry. cooked (average),166,27.6,0.28,5.96,0.0022,1.77,0.0013,0.24
6100,Beef. rib steak. lean. grilled/pan-fried,198,25.5,,10.7,0,4.75,0,0.15
6101,Beef. braised,240,32.1,0,12.4,,5.72,0,0.15
6104,Beef. round. cooked,102,21,0.2,1.9,,0.8,0,
6105,Beef. sirloin steak. roasted/baked,194,28.8,traces,8.71,,3.62,0,
6110,Beef. sirloin steak. grilled/pan-fried,182,27.1,0,8.17,0,3.39,0,0.14
6123,Beef. short ribs. braised,269,37.3,0,13.3,0,5.58,0,0.13
6131,Beef. thin flank. grilled/pan-fried,174,21.6,traces,9.76,,4.36,0,
6141,Beef. cheek. braised or boiled,236,39.2,traces,8.82,,3.19,0,
6151,Beef. knuckle. boiled/cooked in water,161,31,traces,4.1,,1.13,0,
6161,Beef. topside. grilled/pan-fried,141,28.7,traces,2.92,,0.98,0,
6162,Beef. topside. roasted/baked,146,29.8,traces,3.03,,1.03,0,
6200,Beef. steak or beef steak. grilled,128,27.6,traces,1.95,,0.9,0,0.16
6205,Beef. hanger steak. grilled,171,23,traces,8.8,,,0,
6207,Beef. rump steak. grilled,123,25,traces,2.5,,0.74,0,
6208,Beef. bolar-blade. grilled/pan-fried,144,26.7,traces,4.11,,1.53,0,
6210,Beef. roast beef. roasted/baked,117,21.9,0.3,3.16,,0.62,0,
6211,Beef. flank steak. grilled/pan-fried,162,25,traces,6.94,,2.73,0,
6214,Beef. bolar-blade. roasted/baked,147,27.3,traces,4.2,,1.59,0,
6230,Beef. stewing meat. cooked,172,34,traces,4.05,,2.77,0,0.15
6241,Beef. neck. braised,184,33,traces,5.8,,1.97,0,
6251,Beef. minced steak. 5% fat. cooked,155,25.5,0,5.85,0,2.67,0,0.16
6253,Beef. minced steak. 10% fat. cooked,210,26.1,0,11.8,0,4.63,0,0.17
6255,Beef. minced steak. 15% fat. cooked,239,23.6,0,16.1,0,7.08,0,0.21
6257,Beef. minced steak. 20% fat. cooked,265,23,0.14,19.2,0,8.14,0,0.19
6259,Beef. ground. cooked (average),231,23.8,0.0018,15.1,0,6.65,0,0.21
6271,Beef. chuck. braised or boiled,251,36.8,0.2,11.4,0,4.5,0,0.17
6310,Beef. oxtail. boiled/cooked in water,196,28,traces,9.3,,3.72,0,
6511,Veal. chop. grilled/pan-fried,156,25.1,0,6.24,,2.11,0,0.25
6512,Veal. loin. sautéed/pan-fried,171,28,traces,6.6,,2.64,0,
6520,Veal. escalope. cooked,147,31,traces,2.5,,0.82,0,0.15
6523,Veal. tenderloin. grilled/pan-fried,147,29.1,traces,3.44,,1.06,0,
6524,Veal. tenderloin. roasted,147,29.1,traces,3.44,,1.06,0,
6531,Veal fillet. roasted/baked,201,23.4,0.5,11.7,0,4.13,0,0.23
6551,Veal. roast. cooked,143,28.1,0,3.39,,1.22,0,0.17
6562,Veal. shoulder. grilled/pan-fried,166,27.6,traces,6.17,,2.07,0,
6563,Veal. shoulder. braised/boiled,219,36.4,traces,8.14,,2.91,0,
6564,Veal. meat. cooked (average),169,29,0.74,5.55,,1.79,0.053,0.25
6581,Veal. knuckle or shank. braised or boiled,207,37.4,traces,6.43,,1.95,0,
6582,Calf. head. boiled/cooked in water,187,21,traces,11.4,,4.18,0,
6591,Veal. neck. braised or boiled,233,34.9,traces,10.4,,3.5,0,
28007,Pork loin. cooked,240,27.1,0,14.7,0,5.37,0,0.15
28009,Pork shoulder. raw,208,24.8,traces,12.1,,4.57,0,0.18
28010,Pork. shoulder. cooked,253,30,0,14.8,0,5.56,0,0.12
28101,Pork. chop. grilled,211,29.6,0,10.3,,4.11,0,0.14
28103,Pork. round steak. cooked,266,36.9,traces,13.1,,,0,0.18
28105,Pork. rack. cooked,206,34.1,0.6,7.45,0,3.03,0,0.097
28202,Pork tenderloin roast. cooked,198,28.3,0,9.39,0,,0,0.15
28203,Pork filet mignon. cooked,168,26.1,traces,7.1,,2.58,0,0.13
28205,Pork. meat. cooked (average),205,29.1,0.24,9.78,,3.52,0,0.12
28301,Pork. roast. cooked,163,30.5,0.65,4.31,0,1.32,0,0.081
28401,Pork. spare-ribs. braised,333,23.1,0.13,26.6,0,10.7,0,0.12
28451,Pork. loin. roasted/baked,295,26.2,,21.2,0,,0,0.15
28461,Pork. ham escalope. cooked,200,36,traces,6.2,,1.85,0,0.19
36004,Chicken. leg. meat and skin. roasted/baked,213,25.9,2,11.3,0,4.44,0,0.23
36005,Chicken. meat and skin. roasted/baked,213,28.9,2.1,9.88,0,2.78,0,0.4
36006,Chicken leg. meat. roasted/baked,171,24.8,0,8.03,0,2.2,0,0.26
36018,Chicken. breast. without skin. cooked,141,30.1,0,2,traces,0.58,0,0.14
36030,Chicken leg. meat. boiled/cooked in water,188,24.8,0.7,9.52,0,,0,0.23
36031,Chicken. leg. meat and skin. boiled/cooked in water,188,26.1,,9.1,,2.64,0,0.18
36032,Chicken. breast. meat and skin. roasted/baked,189,29.8,0,7.78,0,2.19,0,0.18
36033,Chicken. wing. meat and skin. roasted/baked,247,23.8,0,16.9,0,4.98,0,0.25
36041,Chicken. breast. without skin. cooked. organic,144,31.1,0,1.8,traces,0.62,0,0.12
36302,Turkey. meat. roasted/baked,151,29.1,0,3.84,0,0.96,0,0.25
36306,Turkey. escalope. sautéed/pan-fried. with salt,124,28.5,0,1.09,,0.51,0,0.16
36308,Turkey. escalope. roasted/baked,128,24.6,0.5,3.04,0,1,0,0.25
21501,Lamb cutlet. grilled,240,25.7,traces,15.2,,6.52,0,0.31
21503,Lamb. leg. roasted/baked,169,26.8,0,6.85,0,2.63,0,0.19
21506,Lamb. shoulder. roasted/baked,252,30.5,,14.5,0,5.26,0,0.24
21507,Lamb. shoulder. lean. roasted/baked,197,24.9,0,10.8,0,4.08,0,0.17
21508,Lamb. neck. braised or boiled,365,33.6,traces,25.6,,,0,
21509,Lamb. chop fillet. grilled/pan-fried,157,26.3,traces,5.78,,2.21,0,
21512,Lamb. rib chop. grilled/pan-fried,185,26.1,0,9.01,,3.67,0,0.18
21513,Lamb. saddle. lean. roasted/baked,153,26.1,0,5.45,0,2.01,0,0.16
21518,Lamb. leg. grilled/pan-fried,174,27.6,traces,7.08,,2.63,0,
21519,Lamb. leg. braised,222,35.2,traces,9.03,,3.46,0,
21520,Lamb. saddle. grilled/pan-fried,153,26.1,traces,5.45,,2.05,0,
21522,Lamb. chop. cooked (avergae),157,26.3,0,5.78,,2.21,0,
21523,Lamb. meat. cooked (average),208,28.1,0.011,10.6,,3.66,0,
21524,Lamb. chop. grilled (average),157,26.3,0,5.78,,2.21,0,
14000,Venison (roebuck). roasted/baked,150,30.2,0,3.19,,1.25,0,0.14
14003,Wild boar. roasted/baked,153,28.3,0,4.38,0,1.3,0,0.15
14007,Venison (hart). roasted/baked,150,30.2,0,3.19,,1.25,0,0.14
14008,Game. cooked (average),152,29.6,0,3.74,,1.26,0,0.14
36402,Pheasant. meat. roasted/baked,239,32.4,0,12.1,0,3.91,0,0.11
36603,Feathered game. meat. cooked (average),217,25.1,0,13,0,3.24,0,0.73
6902,Horse. meat. roasted/baked,138,28,0,2.85,,2.41,0,0.1
6906,Horse. topside. grilled/pan-fried,135,27.9,traces,2.58,,0.77,0,
6907,Horse. sirloin steak. grilled/pan-fried,163,26.6,traces,6.27,,2.1,0,
6908,Horse. rib steak. grilled/pan-fried,169,28.2,traces,6.24,,1.99,0,
6909,Horse. sirloin steak. roasted/baked,173,28.3,traces,6.68,,2.23,0,
6910,Horse. topside. roasted/baked,144,29.7,traces,2.75,,0.82,0,
21801,Young goat. cooked,136,27.1,0,3.03,0,0.93,0,0.22
34000,Rabbit. meat. braised,197,30.4,0,8.41,0,2.73,0,0.093
34002,Rabbit. meat. cooked,167,20.5,0.5,9.2,,3.42,0,0.16
34004,Rabbit. wild. meat. cooked,164,33,0,3.51,0,1.05,0,0.11
36051,Capon. meat and skin. roasted/baked,221,29,0,11.7,,3.26,0,0.12
36102,Quail. meat and skin. cooked,206,26.8,0,10.9,0,3.06,0,0.13
36200,Duck. meat and skin. roasted/baked,331,19,0,28.4,0,9.67,0,0.15
36202,Duck. meat. roasted/baked,194,23.3,0,11.2,0,3.48,0,0.39
36205,Duck. magret. cooked in pan,222,26.7,traces,12.8,0,2.46,0,1.09
36502,Goose. meat. roasted/baked,230,29,0,12.7,,,0,0.19
36503,Goose. meat and skin. roasted/baked,298,25.2,0,21.9,0,6.87,0,0.18
36602,Pigeon. meat. roasted/baked,213,23.9,0,13,0,3.74,0,0.14
36801,Ostrich. meat. cooked,168,26.2,0,7.07,0,,0,0.2
40003,Brain. lamb. cooked,145,12.6,0.8,10.2,,2.6,0,0.34
40004,Brain. pork. braised,174,12.4,,13.8,,3.14,0,0.33
40007,Brain. calf. cooked,133,11.5,0,9.63,,2.18,0,0.39
40053,Heart. beef. cooked,133,23,0.15,4.5,0,1.81,0,0.15
40056,Heart. chicken. cooked,177,26.4,0.1,7.92,,2.26,0,0.12
40057,Heart. turkey. cooked,167,24.9,0,7.52,0,1.9,0,0.35
40059,Heart. lamb. cooked,179,25,1.93,7.91,,3.14,0,0.16
40103,Liver. lamb. cooked,157,23,3.16,5.8,,1.81,0,0.23
40105,Liver. young cow. cooked,165,26.3,2.2,5.71,0,1.69,0,0.19
40107,Liver. calf. cooked,121,19,4.47,3.02,0,0.98,0,0.2
40109,Liver. poultry. cooked,164,25.8,0,6.4,,2.5,0,0.25
40113,Liver. pork. cooked,159,26,3.76,4.4,,1.41,0,0.12
40116,Liver. chicken. cooked,160,24.5,0.8,6.51,0,2.06,0,0.19
40118,Liver. turkey. cooked,182,27,0,8.18,0,2.3,0,0.25
40201,Tongue. calf. cooked,237,21,0,17,,4.83,0,0.16
40203,Tongue. beef. cooked,235,23.7,0,15.6,0,6.05,0,0.21
40303,Sweetbread. lamb. cooked,227,22.8,0,15.1,,6.84,0,0.13
40305,Sweetbread. calf. sautéed/pan-fried,136,21,0,5.8,0,1.65,0,0.15
40401,Kidney. all types. cooked,161,26.1,0,6.31,0,1.61,0,0.25
40403,Kidney. beef. cooked,171,27,0,7,0,1.29,0,0.24
40405,Kidney. pork. cooked,144,25.4,0,4.7,,1.51,0,0.2
40406,Kidney. lamb. braised,127,23.7,0,3.62,0,1.23,0,0.38
40408,Kidney. veal. sautéed/pan-fried,167,26,0,7,0,2.14,0,0.28
40601,Offal. cooked (average),162,25.1,1.36,6.24,0.026,2.13,0.12,0.6
40701,Preserved gizzards. duck. canned,149,32.4,0,2.1,,0.7,,1.92
6001,Beef. rib. raw,251,18.7,traces,19.6,,,0,0.16
6002,Beef. shoulder. raw,168,20.4,0,9.64,0,4.02,0,0.17
6003,Beef. chuck steak. raw,201,19,1.45,13.2,,5.94,0,0.17
6102,Beef. round. raw,148,21.3,0,7.05,0,2.72,0,0.14
6103,Beef. rib steak. raw,231,19.4,0,17.1,0,8.07,0,0.075
6106,Beef. eye of round. raw,111,22.9,0.38,2.02,,0.73,0,0.15
6111,Beef. sirloin steak. raw,152,22.3,0.6,6.74,0,,0,0.082
6116,Beef. tenderloin. raw,132,21.6,0.22,4.95,,2.06,0,0.15
6122,Beef. short ribs. raw,287,18.4,0,23.7,,10.6,0,0.12
6130,Beef. thin flank. raw,154,19,0,8.63,0,3.91,0,0.15
6140,Beef. cheek. raw,136,22.3,0.4,5.02,0,1.81,0,0.18
6150,Beef. knuckle. raw,122,20.9,0,4.25,0,1.22,0,0.14
6160,Beef. topside. raw,116,23.1,0.57,2.34,0,0.8,0,0.078
6201,Beef. steak or beef steak. raw,223,19.2,0,16.2,0,6.75,0,0.15
6202,Beef. bolar-blade. raw,118,21.8,0,3.36,0,1.23,0,0.097
6204,Beef. hanger steak. raw,138,19.9,0.62,6.18,,2.76,0,0.18
6206,Beef. rump steak. raw,114,22.5,0.4,2.5,0,0.78,0,0.13
6212,Beef. flank steak. raw,133,20.4,0,5.67,0,2.2,0,0.085
6231,Beef. stewing meat. raw,164,24,0,7.5,0,2.7,0,0.1
6240,Beef. neck. raw,198,20.1,0.78,12.7,,5.41,0,0.17
6250,Beef. minced steak. 5% fat. raw,130,21.9,0.3,4.59,0,1.64,0,0.097
6252,Beef. minced steak. 10% fat. raw,171,20,,10.1,0,2.88,0,0.16
6254,Beef. minced steak. 15% fat. raw,209,20.2,0.47,14.1,0,5.71,0,0.1
6256,Beef. minced steak. 20% fat. raw,249,17.3,0,20,0,7.99,0,0.16
6270,Beef. chuck. raw,144,21.2,0,6.54,0,2.59,0,0.12
6311,Beef. oxtail. raw,203,21.5,0.23,12.9,,4.41,0,0.28
6510,Veal. chop. raw,189,18.3,0,12.9,0,4.84,0,0.11
6513,Veal. loin. raw,145,19.5,0.4,7.25,0,3.18,0,0.22
6521,Veal. escalope. raw,108,20.7,0.58,2.6,0,0.6,0,0.097
6522,Veal. tenderloin. raw,111,21.8,0,2.58,0,0.79,0,0.19
6530,Veal fillet. raw,95,20.6,0,1.4,0,0.5,0,0.24
6535,Veal. minced steak. 20% fat. raw,243,16.7,0.4,19.5,0,8.5,0,0.19
6536,Veal. minced steak. 15% fat. raw,208,18.2,traces,15,,6.2,0,0.17
6540,Veal. breast. raw,176,18.7,0,11.2,0,3.1,0,0.21
6550,Veal. roast. raw,145,27.3,0,3.96,0,2.39,0,0.2
6560,Veal. shoulder. raw,124,20.7,0,4.63,0,1.55,0,0.15
6580,Calf. foot. raw,184,19.1,traces,12,,,0,0.12
6583,Veal. knuckle or shank. raw,118,21.3,0,3.66,0,1.11,0,0.21
6590,Veal. neck. raw,133,19.8,traces,5.92,,1.99,0,0.15
28001,Pork. shoulder. raw,178,18.9,0.38,11.2,0,4.41,0,0.12
28002,Pork. belly. raw,253,17,0,20.5,,7.89,0,0.14
28003,Pork loin. raw,175,20.8,0.75,9.89,0,3.51,0,0.17
28004,Pork. knuckle or shank. raw,187,19.9,0,12,0,3.94,0,0.21
28100,Pork. chop. raw,164,19.8,0.38,9.3,0,3.75,0,0.12
28102,Pork. round steak. raw,149,20.2,0,7.56,0,2.51,0,0.14
28104,Pork. rack. raw,146,22.7,0.4,5.94,,2.4,0,0.094
28201,Pork tenderloin. lean. raw,117,21.2,0,3.6,0,1.43,0,0.18
28204,Pork filet mignon. raw,123,21.2,0.4,4.09,0,1.69,0,0.11
28300,Pork. roast. raw,153,22.3,0.5,6.86,0,2.84,0,0.1
28302,Pork. loin. raw,198,18,0.1,14,0,5.4,0,0.19
28400,Pork. spare-ribs. raw,237,18,0.6,18,0,7.16,0,0.12
28460,Pork. ham escalope. raw,129,21.5,0,4.76,0,1.97,0,0.12
28470,Pork. back fat. rindless. raw,744,4.51,0.1,80.6,0.1,28.7,0,0.1
28471,Pork. jowl. rindless. raw,475,11.6,0.14,47.5,0.14,16,0,0.17
28472,Pork. shoulder lower half. without rind. fat and bone. raw,187,18.9,0.23,12.3,0.23,4.14,0,0.2
28473,Pork. way leg. without rind. fat and bone. raw,141,20.9,0.28,6.3,0.28,2.11,0,0.18
28474,Pork. knuckle oh ham. without rind. fat and bone. raw,148,20.2,0.28,7.31,0.28,2.4,0,0.22
28475,Pork. 90/10 trimming. raw,212,18.8,0.24,15.1,0.24,5.46,0,0.17
28476,Pork. 80/20 trimming. raw,293,17.3,0.26,24.7,0.26,9.16,0,0.17
28477,Pork. shoulder upper half. without rind. fat and bone. raw,174,19.9,0.25,10.4,0.25,3.58,0,0.2
28479,Pork. belly. flank removed. raw,323,15.9,0.22,28.7,0.22,10.2,0,0.18
28480,Prok. eye of shortloin. raw,146,22.3,0.37,6.2,0.37,2.21,0,0.16
36002,Chicken. leg. meat and skin. raw,192,17.3,0,13.5,traces,3.85,0,0.22
36003,Chicken. meat. raw,113,20,0,3.73,0,0.85,0,0.2
36007,Chicken. white race. meat and skin. raw,123,21.2,0,4.3,,,0,0.2
36008,Chicken. free-range. meat and skin. raw,135,21.5,0.2,5.4,0.2,2.3,0,0.21
36016,Chicken. meat and skin. raw,173,20.2,0.3,10.1,0.2,2.81,0,0.16
36017,Chicken. breast. without skin. raw,110,23.4,0,1.5,traces,0.44,0,0.11
36019,Chicken high leg. meat. raw,116,19.7,0,4.12,0,1.1,0,0.24
36020,Chicken. eviscerated without offal. raw,210,18.6,traces,15.1,,,0,0.18
36022,Chicken. drumstick. raw,155,18.4,0,9.05,0,2.49,0,0.23
36023,Chicken. wing. meat and skin. raw,181,20.4,0,11,0,3.04,0,0.22
36024,Chicken. leg. meat. raw,114,19.3,0,4.05,0,1.03,0,0.23
36029,Chicken. breast. meat and skin. raw,157,21.1,0,8.08,0,2.32,0,0.16
36037,Chicken. leg. meat and skin. raw. organic,193,18.1,0,13.3,traces,3.82,0,0.19
36038,Chicken. leg. meat and skin. raw. label rouge,173,19.1,0,10.6,traces,3.03,0,0.21
36039,Chicken. breast. without skin. raw. organic,118,24.6,0,1.8,traces,0.54,0,0.095
36040,Chicken. breast. without skin. raw. label rouge,113,25.2,0,1,traces,0.3,0,0.1
36300,Turkey. meat and skin. raw,132,23.4,0,4.31,,1.15,0,0.25
36301,Turkey. meat. raw,110,22.4,0.8,1.88,0.14,0.52,0,0.25
36304,Turkey. escalope. raw,109,24.1,0.51,1.22,0.32,0.29,0,0.2
36305,Turkey. leg. meat and skin. raw,150,19.8,0,7.85,0,2.24,0,0.24
36307,Turkey. leg. meat only. raw,109,21.3,0.4,2.5,0.1,0.68,0,0.31
36310,Turkey. wing. raw,192,20.2,0,12.3,,3.28,0,0.14
21001,Mutton. meat. raw,137,20.6,traces,6.11,,,0,0.22
21003,Mutton. shoulder. raw,204,18.3,0.1,14.5,0,7.71,0,0.23
21004,Sheep. foot. raw,204,18.1,traces,14.6,,,0,0.19
21005,Sheep. head. raw,204,18.1,traces,14.6,,,0,0.19
21006,Mutton. leg. raw,225,18,traces,17,,,0,0.2
21500,Lamb. cutlet. raw,368,14.4,0,34.5,0,16.8,0,0.17
21502,Lamb. leg. raw,128,20,0.48,5.13,0,1.97,0,0.12
21504,Lamb. shoulder. raw,170,18.3,0.45,10.6,,3.87,0,0.2
21505,Lamb. shoulder. lean. raw,139,19.6,0,6.76,0,2.42,0,0.18
21514,Lamb. neck. raw,195,18,traces,13.7,,5.79,0,0.2
21515,Lamb. saddle. raw,236,17.5,0,18.4,0,7.95,0,0.14
21516,Lamb. chop fillet. raw,242,17.6,2.3,18,0,7.75,0,0.18
21517,Lamb. rib chop. raw,276,16.9,0,23.1,0,10,0,0.2
21521,Lamb. chop. raw (average),273,16.3,0.92,22.6,0.063,10.1,0,0.19
21525,"Lamb. chop ""découverte"". raw",205,16.3,1.38,15,,5.69,0,0.21
14002,Wild boar. raw,147,20.7,0,7.13,0,2.47,0,0.2
14004,Hare. meat. raw,111,21.6,0,2.67,0,0.93,0,0.15
14005,Venison (roebuck). raw,110,23,0,2,0,1,0,0.053
14006,Venison (hart). raw,113,23.7,0,2.04,0,0.88,0,0.13
36401,Pheasant. meat. raw,127,23.3,0,3.78,0,1.29,0,0.094
36403,Pheasant. meat and skin. raw,164,23.2,0,7.95,0,3.32,0,0.09
6900,Horse. meat. raw,167,18.8,0.6,10,,3.64,0,0.16
6901,Horse. steak. raw,129,21.4,0.4,4.6,,1.44,0,0.13
6903,Horse. topside. raw,106,22.7,traces,1.68,,0.48,0,
6904,Horse. sirloin steak. raw,121,22.2,traces,3.58,,1.17,0,
6905,Horse. rib steak. raw,118,22.1,traces,3.34,,1.08,0,
21800,Young goat. raw,103,20.6,0,2.31,,0.71,0,0.21
34001,Rabbit. meat. raw,189,20.4,0.66,11.6,0,4.74,0,0.14
34003,Rabbit. wild. meat. raw,108,21.8,0,2.32,,0.69,0,0.13
36000,Hen. meat and skin. raw,215,17.8,0.4,15.8,0,4.38,0,0.18
36001,Hen. meat only. raw,124,20.9,0,4.51,0,1.12,0,0.16
36014,Chicken. stewing. leg. raw,131,19.6,0,5.92,0,1.51,0,0.27
36050,Capon. meat and skin. raw,183,21.8,0,10.6,0,1.5,0,0.56
36100,Quail. meat and skin. raw,136,21.5,0,5.55,0,0.6,0,0.13
36101,Quail. meat. raw,126,22.5,0.5,3.81,0.5,1.21,0,0.12
36201,Duck. meat. raw,126,19.4,0,5.33,0,1.94,0,0.19
36203,Duck. leg. meat and skin. raw,103,18.7,traces,3.1,,1.05,0,0.26
36204,Duck. meat and skin. raw,284,17.4,2.75,22.6,0.2,7.47,0,0.14
36206,Duck. breast fillet,340,17.9,0.85,29.4,0.7,8.95,0,0.21
36500,Goose. meat. raw,155,22.6,0,7.12,,2.79,0,0.2
36501,Goose. meat and skin. raw,365,15.7,0,33.6,,9.78,0,0.18
36600,Pigeon. raw,222,18.9,0.7,16,0.4,4.89,0,0.17
36700,Guinea fowl. raw,143,22.8,0,5.75,0,1.55,0,0.18
36702,Guinea fowl. breast. raw,107,25.1,0,0.7,0,0.23,0,0.13
36703,Guinea fowl. leg. raw,121,21.3,0,4,0,1.3,0,0.2
36800,Ostrich. meat. raw,159,20.2,0,8.7,0,,0,0.18
40002,Brain. lamb. raw,122,10.4,0.8,8.58,,2.19,0,0.28
40005,Brain. pork. raw,124,10.3,0,9.21,,2.08,0,0.3
40006,Brain. calf. raw,117,10.3,0.5,8.21,,1.91,0,0.32
40052,Heart. beef. raw,103,18.5,0.7,2.95,0,0.74,0,0.2
40054,Heart. chicken. raw,149,15.6,0.7,9.32,,2.66,0,0.17
40055,Heart. turkey. raw,135,16.7,0.4,7.44,0,1.92,0,0.32
40058,Heart. lamb. raw,119,16.5,0.4,5.68,0.4,2.25,0,0.22
40060,Heart. pork. raw,109,17.1,0.4,4.33,0,1.08,0,0.2
40062,Heart. veal. raw,106,16.1,1.8,3.84,,1.24,0,0.23
40102,Liver. lamb. raw,148,21.8,2.92,5.45,2,1.45,0,0.14
40104,Liver. young cow. raw,138,21,3.67,4.3,0,1.26,0,0.15
40106,Liver. calf. raw,120,15.5,5.64,3.4,0,1.31,0,0.16
40108,Liver. poultry. raw,133,21.3,1.13,4.88,0,1.65,0,0.21
40110,Liver. rabbit. raw,132,19,5,4,3.75,0.81,0,0.17
40111,Liver. chicken. raw,121,18.8,1.1,4.62,0,1.46,0,0.17
40115,Liver. turkey. raw,123,18.3,0,5.5,0,1.66,0,0.33
40119,Liver. pork. raw,127,20.6,1.85,4.2,1.1,1.66,0,0.34
40120,Liver. goose. raw,129,16.3,6.3,4.29,,1.59,0,0.27
40121,Liver. duck. raw,131,18.7,3.5,4.62,,1.44,0,0.27
40202,Tongue. beef. raw,193,16.8,0.4,13.8,0.2,4.69,0,0.17
40204,Tongue. calf. raw,151,17,0.9,8.84,,3.73,0,0.22
40205,Tongue. pork. raw,191,16.6,0.5,13.6,0,4.97,0,0.25
40207,Tongue. lamb. raw,167,15.4,1.75,10.9,,3.52,0,0.25
40302,Sweetbread. lamb. raw,122,14.6,0,7.04,0,3.12,0,0.18
40304,Sweetbread. calf. raw,96.6,17.4,0,3.02,0,1.25,0,0.19
40402,Kidney. beef. raw,95.9,17.1,0.9,2.65,0,0.5,0,0.42
40404,Kidney. pork. raw,97.9,16.4,1.1,3.13,,1.02,0,0.35
40407,Kidney. lamb. raw,94.1,14.7,1.13,3.43,,0.93,0,0.52
40409,Kidney. calf. raw,86.1,16,0.2,2.36,,0.82,0,0.46
40502,Tripe. beef. raw,81.5,12.1,0,3.69,0,1.29,0,0.24
40600,Blood. beef. raw,82.1,19.5,0.8,0.12,0.8,0.04,0,0.6
40700,Gizzard. chicken. raw,105,17.3,0.6,3.75,0,1.12,0,0.18
30900,Cured meat and sausages (average),238,19.7,1.47,17.1,0.86,6.61,0.25,2.47
8429,Pork ham w parsley and jelly,152,19,0.48,7.9,0.3,2.8,0,1.67
28700,Pork ham. intended to be cooked or pork ham. intended to be roast/bake,161,19.9,0,9.08,0,3.11,0,0.16
28727,Bacon. back,118,23.1,0.7,2.6,,1.02,0,3.18
28803,Cooked ham. smoked,135,20,0.79,5.8,0.62,2.36,0.1,1.93
28900,Cooked ham. superior quality,125,20.8,0.81,4.28,0.77,1.58,,1.79
28901,Cooked ham. superior quality. with rind,137,20.2,0.91,5.82,0.77,2.13,0.33,1.87
28902,Cooked ham. superior quality. rind less,117,20.5,0.77,3.52,0.76,1.36,0.05,1.87
28905,Braised ham on the bone,238,21.6,0.3,16.8,0,5.98,0,2.97
28906,Cooked ham. superior quality. rind less and fatless,119,20.3,1.03,3.66,0.82,1.24,0.32,1.82
28907,Cooked ham. superior quality. reduced salt,121,20.8,0.74,3.83,0.74,1.5,,1.48
28910,Cooked ham. choice,125,19.5,1.7,4.5,1.7,1.78,0.08,2.1
28911,Cooked pork shoulder. choice,121,18,1.93,4.5,1.35,1.4,,2.33
28912,Cooked ham. choice. w rind,137,19.4,0.55,6.3,,,0,3.06
28913,Cooked ham. choice. rind less and fatless,114,19.6,1.61,3.24,1.32,1.18,0.15,1.96
28917,Round of ham. cooked,182,20.3,1.4,10.6,,,0,
28922,Ham in cube. grated or minced,121,17.9,2.08,4.46,1.69,1.81,0.36,2.06
28924,Cooked pork shoulder. standard. rind less and fatless,123,13.7,3.58,5.98,,,0,3.62
28925,Cooked ham. Parisian-style. rind less and fatless,115,20,1.08,3.42,,,0,
28929,Poultry ham in cube. grated or minced,132,18,1.58,5.88,1.25,2.35,0.5,2.2
28960,Knuckle of ham. cooked,162,23.2,0.4,7.52,0.4,2.93,0,2.12
28963,Chicken cooked ham. in slices,106,20.7,1.39,1.79,1.13,0.54,0.53,1.86
28964,Turkey cooked ham. in slices,104,20.9,1.29,1.67,1.08,0.54,0.39,1.9
28800,Cured ham. raw,225,25.9,0.76,13.2,0.75,5.09,traces,5.67
28801,Cured ham. raw. smoked,246,24.2,0.98,16.1,0.53,6.72,0,5.17
28802,Dry-cured ham. fat and rind removed,192,26.3,0.3,9.5,0.3,3.47,0,6.09
28804,Cured ham. raw. smoked. reduced fat,142,27.7,0.1,3.4,,0.71,0,4.24
28811,Bayonne Cured ham. raw. smoked,228,28,0.63,12.6,0.5,4.93,traces,5.75
28812,Dry-cured ham,230,28.7,0.48,12.6,0.33,4.99,traces,5.7
28844,Parma dry-cured ham,248,27.2,0.3,15.4,0.3,5.42,0,5.53
28845,Serrano dry-cured ham,235,30.4,0.76,12.3,0.36,5.2,traces,5.02
28850,Coppa,284,25,1,20,0.5,6.83,0,4.5
28858,Pancetta. dried,342,20.2,0.75,28.8,0.43,12.5,0,4.14
30300,Dry sausage,418,24.2,2.41,34.5,1.2,11.3,0.73,4.75
30301,Dry sausage. pure pork,417,28.7,1.79,32.3,1.4,12.2,0,4.46
30302,Dry sausage. pure pork. superior quality,366,27.7,1.65,27.6,1.65,10.9,,4.22
30304,Rosette dry sausage,380,24.2,1.79,30.7,1.46,11.8,traces,4.56
30309,Sausage. dried,451,27.3,1.7,37.1,1.21,14.5,0.59,4.74
30311,Dry sausage w walnuts and/or hazelnuts,477,27.7,1.78,39.7,1.04,14.1,0.75,4.31
30005,Chipolata sausage. cooked,282,18.8,0.8,22.4,0.4,8.27,0,2.15
30011,Toulouse sausage. cooked,274,18.8,0,22.1,0,8.2,0,1.71
30050,Sausage meat. raw,323,14.7,0.6,29.1,,,0,1.39
30051,Sausage meat. pure pork. raw,273,15.4,5.25,21.2,,7.87,0,0.14
30052,Sausage meat. pork and beef. raw,309,11.8,4.4,26.5,,,2.6,
30102,Smoked sausage. raw,,16.8,,30.7,0,,traces,1.89
30104,Morteaux sausage,397,16,1,36.6,0.5,,0,2.6
30105,Montbeliard sausage,319,17.3,1,27.3,0.75,10.5,0,2.33
30108,Morteaux sausage. boiled/cooked in water,323,15.2,0,29.1,0,12.2,traces,2.02
30110,Toulouse sausage. raw,327,13.2,1,30,1,11.3,traces,1.89
30115,Chipolata slim sausage. raw,253,15.8,1,20.6,0.32,7.61,0.4,1.58
30125,Smoked Alsatian sausage or Landjäger,,19,,24.9,,8.56,traces,2.75
30130,Poultry sausage. delicatessen style,231,16.8,1.19,17.7,0.9,6.2,traces,1.75
30131,Poultry sausage,236,14,1.82,18.9,1.01,5.34,0,1.87
30134,Frankfurter sausage,271,13.7,1.24,23.4,1,9,,2
30150,Merguez sausage. raw,316,13.5,2.5,28,2,11.2,0,1.48
30152,Merguez sausage. pure beef. raw,,11,,43.5,,,0,
30153,Merguez sausage. pork and beef. raw,,11.5,,41,,,0,
30154,Merguez sausage. beef. mutton and pork. raw,,14.6,,33.3,,,0,
30155,Merguez sausage. beef and mutton. cooked,283,19.8,1.8,21.8,1.6,12,0,2.33
30156,Merguez sausage. beef and mutton. raw,315,14,2.8,27.6,0,,0,1.58
30176,Liver sausage,374,11.7,0.9,35.9,0.9,12,0.3,2.03
30177,Diot (sausage from Savoy). raw,,18,,30,,,0,2.25
30742,Strasbourg sausage,291,12.4,1.39,25.9,1.06,10.9,1.37,2.21
30746,Cocktail sausage,290,12.7,1.46,25.9,1.09,9.59,0.27,2.1
30750,Viennese sausage. pork and veal. raw,,10.3,,21.3,,,traces,
30764,Ham sausage,224,15.7,1,17.5,0.7,6.8,0,2
30766,Beer sausage,,13,,29.7,,,traces,
30778,Tongue sausage w pistachios,,15.3,,25.8,,,traces,
30780,Sausage (average),281,17.3,0.88,23,0.65,9.44,0.29,2.05
8120,Preserved pork liver,346,16,14.1,25,1,9.5,0.5,1.51
8125,Preserved poultry liver,356,14,7.42,30,,11,0,1.93
8201,Pâté w green pepper,358,10.1,1.45,34.6,,,traces,
8206,Ham pâté,,15.2,,28.6,0.52,,traces,0.18
8211,Country-style pâté or terrine,323,15.5,1.5,28.2,0.62,10.4,0,1.54
8214,Breton pâté,363,11,2.88,34,1,13,0.5,1.67
8232,Duck terrine,320,13.2,4.44,27.1,1.3,9.91,1.75,1.39
8240,Rabbit pâté,247,16.3,0.00027,20.2,,8.8,0,1.53
8242,Rabbit terrine,281,16.5,5.67,21.2,0.95,7.9,1,1.84
8245,Game pâté,284,15,4,23,2,9,0.5,1.53
8250,Country-style pâté with mushrooms,329,12.6,5.93,28.1,1.95,10.6,0.58,1.73
8300,Pork liver pâté. superior quality,341,13,2.4,31,,,traces,
8305,Pork liver pâté,355,10.8,2.91,33.3,1.38,11.6,0.2,1.68
8312,Pork liver mousse. superior quality,322,11.1,10.3,26.1,2.18,10.5,0.72,1.99
8313,Pork liver mousse,287,12,3.39,24.9,1.89,9.34,0.75,1.72
8315,Duck mousse,395,10.1,7.07,36.1,2.05,13.7,0.45,1.58
8316,Poultry liver pâté,269,13.8,1.96,22.9,0.81,7.12,0,1.22
8326,Goose liver pâté,459,11.4,4.67,43.8,,14.5,0,1.74
8332,Paté (average),325,13.6,4.61,27.9,1.23,10.4,0.29,1.58
8391,Pâté in crust,292,11,22.9,17.1,3.47,8.33,1.5,1.83
8000,Rillettes. pork,390,14.3,0.2,36.9,,14.6,traces,1.6
8001,Rillettes. pure pork,414,16.7,0.13,38.3,,15.2,,0.97
8010,Rillettes from Tours,522,18,traces,50,,,traces,
8015,Rillettes from Mans,420,15.6,4.7,37.6,0.13,14.8,0.21,1.28
8025,Rillettes. pure goose,417,14.7,traces,39.8,,,traces,1.3
8026,Rillettes. duck,377,15.3,1.03,34.6,traces,11.2,traces,1.25
8030,Rillettes. goose,364,14.9,0.99,33.4,,9.82,traces,1.29
8040,Rillettes. poultry,340,16.4,0.49,30.3,0.36,10.7,0.25,1.19
8903,Veal quenelle. in sauce,165,3.52,15.6,9.5,0.94,4.56,1.39,1.17
8910,Poultry quenelle. raw,187,9.3,14.1,10.1,1.2,1.5,1.1,0.74
8912,Poultry quenelle. in sauce,138,3.55,10.3,8.92,1.92,4.95,1.2,1.1
8932,Fish quenelle. in sauce,135,3.79,10.5,8.51,0.97,3.95,0.72,1.11
8933,Fish quenelle. raw,245,8.1,23.6,12.7,1.9,8.2,2.15,0.95
8934,Quenelle. fish. cooked,,5.72,,13.1,,6.03,,0.8
8937,Quenelle. plain. raw,217,7.68,14.8,13.7,2.15,,2.15,1.04
8109,Duck confit (conserved in rendered fat). meat (leg) without skin. reheated,195,32,traces,7.4,,2.31,0,1.89
8110,Preserved duck,273,25.7,0.15,18.8,0.14,7.26,0.4,1.44
8111,Duck breast fillet. smoked,364,21.9,0.55,30.5,0.55,11.3,0,3.28
8321,Foie gras. duck's liver. whole. cooked,535,8.41,2.32,54.6,1.71,23,0.35,1.11
8323,Foie gras. duck's liver. without pieces,482,5.75,2.1,50,1.47,19.7,0.35,1.14
8324,Foie gras. duck's liver. 30% pieces,489,6.88,2.43,50.1,1.41,21.6,0,1.29
8325,Foie gras. duck's liver. 50% pieces,479,6.39,2,49.5,1.2,20.2,0,1.29
8328,Foie gras. duck. raw,600,5.94,1.41,63.4,1.14,28.1,0,0.52
8331,Foie gras. block (average),489,6.88,2.43,50.1,1.41,21.6,0,1.29
8350,Galantine (average),279,15.2,1.57,23.4,0.85,9.78,0.67,2.04
8373,Rolled escalope of pork with pistachios,258,17.7,0.7,20.2,0.7,7.8,1.2,2.5
8380,Egg in aspic. w ham,,11.5,,4.7,,,,1.35
8395,Ham. in a pastry crusty,193,14.1,17.8,7,2.3,2.38,1.1,2.11
8400,Head-cheese pâté or brawn,173,14.1,0.2,12.9,0,4.37,0,1.91
8406,Pork snout in salad dressing sauce,185,8.22,1.02,16.3,0.62,4,0.55,1.75
8450,Ox muzzle,151,26.2,0,5.17,,,traces,
8500,Chitterling sausage,211,18.4,0.3,15.1,,,traces,2.08
8501,Chitterling sausage from Guéméné,234,18,traces,18,,,traces,
8504,Chitterling sausage. pan-reheated,271,22.5,0,20,,9.29,,2.82
8512,Chitterling sausage from Vire,238,19,traces,18,,,traces,
8550,Chitterling sausage. raw,227,18.8,1,16.3,,6.94,0.71,1.46
8551,Chitterling sausage. sautéed/pan-fried,303,24.5,1,22.3,,11.1,,2.73
8552,Chitterling sausage from Troyes. raw,254,19.7,0.5,19,,7.91,0.9,1.97
8703,Black pudding (blood sausage). refrigerated,313,12.2,4.5,27.1,1.12,9.57,1.42,1.29
8704,Black pudding (blood sausage). sautéed/pan-fried,246,11.9,3.78,20.3,2.86,7.46,0,1.31
8705,Black or white pudding (blood sausage). sautéed (average),246,11.3,4.02,19.4,2.6,7.2,0,1.41
8742,Caribbean blood sausage,,11.5,9.2,16.5,5.1,6.9,,1.22
8800,White saussage (white pudding). sautéed,,9.89,4.6,17.1,2,6.6,,1.64
8801,White saussage (white pudding). refrigerated,,10,,21,3.64,7.89,,1.42
8803,White pudding. truffled. raw,227,11.3,4.8,17.8,1.7,7.4,1.4,1.48
25610,Ox muzzle in salad dressing sauce,167,11.3,1,13.1,0.5,1.5,traces,1.59
28501,Lardoons. raw,270,16.6,1.01,22.1,0.78,7.91,0.38,2.72
28502,Pork belly. smoked. raw,303,15.6,0.79,26.1,0.75,9.39,1,2.41
28503,Bresaola,165,31.6,0,4.3,0,2.04,0,3.46
28504,Lardoons. cooked,324,23.8,2,24.5,,12.6,0,3.8
28505,Corned-beef. canned,188,23.1,,10.5,,4.54,,1.95
28530,Pork ear sat-cured,228,22.5,0.6,15.1,,5.39,0,0.48
28540,Pork trotters salt-cured,137,11.6,0.01,10,0,2.95,0,2.37
28550,Pork belly salt-cured,268,16.8,0.75,22,0.6,8.3,0,2
28720,Smoked lardoons. raw,275,16.7,0.96,22.6,0.8,8,0.34,2.63
28725,Smoked lardoons. cooked,261,14.7,0.8,22.1,0.8,8.25,0,2.59
28860,Viande des Grisons or Bündnerfleisch or dried beef meat,209,38.9,1,5.47,1,2.52,0,3.83
28927,Poultry. minced meat,137,17.7,3.5,5.68,1.4,1.88,0.63,1.3
28976,Salt curing roast poultry. cooked,110,22,1.28,1.73,0.97,0.55,0.44,2
30315,Spicy pork sausage with red pepper. no precision,433,23.5,3.05,36.1,2.01,14.3,0.93,4.24
30316,Dry spicy pork sausage with red pepper,476,20.9,2.6,41.9,2.6,16,0,3.91
30317,Spicy pork sausage with red pepper. in large slices,322,22.6,2.1,23.9,2.1,8.8,0,4.3
30350,Salami,451,17.7,1.05,41.8,,16.2,traces,4.05
30351,Salami. pure pork,400,22.6,1.6,33.7,,11.9,0,5.65
30352,Salami. pork and beef,351,21.5,1.56,28.8,0.61,10.4,0,4.37
30366,Salami. Danish-style,459,17,1.35,42.9,0.56,15.4,0,4.13
30700,Garlic sausage,280,15,1.63,23.6,0.86,9.92,0.63,2
30701,Cooked sausage. pure pork,322,13.8,1.3,29,,,traces,1.9
30705,Sausage from Paris,346,12.5,0.6,32.7,0.5,3.5,traces,1.73
30706,Sausage from Paris. smoked,288,13.7,0.6,25.6,,,traces,
30707,Sausage in a brioche crust. cooked,309,14.7,22.6,17.4,3.8,8.6,2,1.38
30730,Saveloy or cervelat,278,11.9,1.56,24.8,0.63,9.37,0.4,1.95
30731,Saveloy or cervelat (from Obernai Alsace),305,13,1,27.5,0.6,11.5,0.6,2
30732,Saveloy or cervelat. pure pork with garlic,297,12.5,0.2,27.4,,,traces,
30789,Mortadella,305,15,1.4,26.7,0,10.6,0,2.13
30790,Mortadella. pure pork,298,14.8,1.55,25.8,1,9.85,0,2.14
30791,Pork and beef mortadella,297,16.4,0.7,25.4,0,9.51,0,3.12
30797,Mortadella with pistachios. pure pork,320,14.4,1.16,28.2,0.48,11.4,1.97,2.08
30801,Horse sausage. cervelas type,,14.2,,20,1.4,7.1,0,2.46
1030,Plant-based ham. prepacked,242,29.7,4.13,11.1,0.93,0.89,3.2,1.62
1031,Plant-based pâté. prepacked,197,3.56,9.45,15.4,1.49,4.13,2.96,1.27
20337,Plant-based sausage with tofu (vegan),231,13.4,5.69,16.3,0.5,1.95,,1.68
20338,Plant-based sausage with tofu (not vegan),136,11,4.97,7.2,0.97,1.13,,1.01
25232,Plant-based sausage with wheat or seitan,250,27.1,7.53,10.5,1.74,2.79,4.6,1.82
6260,Burger. beef based. 15% fat. raw. prepacked,,15.8,2.48,13.6,0.57,4.45,1.55,0.87
25089,Veal escalope cordon bleu (topped with a ham slice and Gruyere sauce). prepacked,226,14,14.6,12.2,2.2,3.2,0.78,1.73
25163,Beef. meat balls. cooked,217,18.5,5.65,13.3,2,4.88,0.63,1.13
25173,Veal. bread escalope. cooked,271,22.9,12.6,14.1,0.49,2.42,0.94,0.98
25186,Meat balls. pork and beef. (Swedish-style). prepacked,260,14.4,7.78,18.6,0.8,6.99,0.8,1.51
25194,Meat balls. beef and lamb (kefta type). prepacked. raw,247,15.7,9.46,15.7,1.2,5.81,0.8,1.03
25504,Poultry on skewer,195,18.6,0.8,13,0,2,0,0.29
25505,Beef on skewer,191,17.1,1.02,12.9,0,3.12,1,0.13
25506,Mixed meat on skewer,208,19.7,1.02,13.8,1.01,2.51,0.33,0.61
25512,Poultry nuggets,239,13.1,16.2,13.2,1.07,2.42,1.7,1.2
25541,Lamb on skewer,112,12.6,2.54,5.1,1.57,1.41,2.6,0.48
25566,Pork on skewer. raw,131,15.6,2.1,6.5,1.1,2.4,1,0.81
36027,Chicken. nugget. breaded croquette,250,15.6,19.4,11.6,1.3,2.68,2.4,1.37
36035,Chicken. marinated wing. roasted/baked,213,22.4,2.1,12.6,0.6,3.16,0.9,1.69
36036,Turkey. breaded escalope,339,7.25,21.7,24,1.9,5.28,3.4,1.26
36318,Milanese-style turkey escalope or breaded veal escalope,211,14.1,13.5,10.9,1.07,1.53,1.3,1.03
25996,Salmon. cooked (average),205,23,0,12.5,0,2.5,0,0.13
25997,Cod. cooked (average),98.9,23.1,0,0.73,0,0.14,0,0.2
25998,Atlantic herring. smoked. fillet,162,18.1,0,9.9,0,2.24,,3.78
26003,European plaice. steamed,93,19,traces,1.89,0,0.22,0,
26008,Haddock. steamed,89,20.9,traces,0.6,0,0.1,0,0.18
26012,Atlantic herring. fried,201,23,traces,12.1,0,3.51,0,
26013,Atlantic herring. smoked. plain,173,16.5,0.5,11.7,0,2.76,0,3.98
26014,Atlantic herring. grilled/pan-fried,189,21.6,traces,11.4,0,2.48,0,0.34
26015,Saithe. cooked,99.7,23.1,traces,0.81,0,0.29,0,0.25
26017,Lemon sole. steamed,90.1,17.4,traces,2.27,0,0.12,0,0.3
26019,Mackerel. roasted/baked,228,21.5,traces,15.8,0,4.44,0,0.21
26020,Mackerel. fried,186,23.6,traces,10.2,0,2.96,0,0.21
26021,Whiting. fried,125,23.1,traces,3.61,0,0.94,0,0.43
26022,Whiting. steamed,98.3,23,traces,0.7,0,0.13,0,0.28
26023,Cod. roasted/baked,94.6,22.3,traces,0.6,0,0.13,0,0.23
26024,Cod. salted. boiled/cooked in water,113,26,traces,1.01,0,0.13,0,5.8
26025,Cod. steamed,106,24.5,traces,0.95,0,0.16,0,0.16
26026,Mullet. roasted/baked,143,24.8,traces,4.86,0,1.43,0,0.18
26031,Ray. roasted/baked,96.3,23,traces,0.5,0,0.096,0,0.38
26033,Nursehound or lesser spotted dogfish. cooked,256,25.4,traces,17.2,0,4.11,0,0.2
26037,Salmon. smoked,178,22,0.91,9.49,0,2.06,,3.51
26038,Salmon. steamed,195,23,traces,11.5,0,2.39,0,0.13
26041,Tuna. roasted/baked,136,29.9,traces,1.83,0,0.9,0,0.14
26059,Common sole. steamed,94.6,20.3,traces,1.48,0,0.2,0,0.41
26060,Common sole. roasted/baked,78.2,15.7,traces,1.69,0,0.31,0,0.29
26061,Common sole. boiled/cooked in water,69,15,traces,1,0,0.2,0,0.21
26062,Common sole. fried,72.2,15.8,traces,1,0,0.2,0,0.36
26073,Ray. cooked in an aromatic stock,97.8,23.2,traces,0.57,0,0.12,0,0.4
26081,Anglerfish. grilled,98.2,23,traces,0.68,0,0.19,0,0.061
26087,Mackerel. smoked,294,18.8,0,24.3,0,5.35,0,0.96
26090,Haddock. smoked,97,22.6,0,0.73,0,0.13,0,1.91
26093,Swordfish. roasted/baked,266,28.7,traces,16.9,0,1.51,0,0.18
26094,Turbot. roasted/baked,118,21.3,traces,3.64,0,0.9,0,0.25
26120,European hake. braised,112,21.2,traces,3,0,0.92,0,0.25
26126,Haddock. grilled/pan-fried,84.9,20,traces,0.55,0,0.11,0,0.65
26136,European pilchard or sardine. grilled,194,25.1,traces,10.4,0,2.9,0,0.35
26147,Snapper. cooked,121,26.3,traces,1.72,0,0.37,0,0.14
26148,Spiny scorpionfish. steamed,126,24.6,traces,3.1,0,0.61,0,0.22
26152,Alaska pollock. smoked,81.3,18.3,0,0.9,0,0.1,0,
26192,Pollock. cooked,100,24.4,traces,,0,,0,0.23
26211,Salmon. microwaved. farmed,200,24.2,traces,11.4,0,,0,0.098
26217,Salmon. boiled/cooked in water. farmed,193,25,traces,10.3,0,,0,0.084
26222,Black seabream. roasted/baked,121,22.9,traces,3.3,0,0.75,0,
26229,Salmon. grilled/pan-fried,223,25.5,traces,13.5,0,2.87,0,0.11
26230,Salmon. farmed. roasted/baked,210,22.1,traces,13.5,0,2.5,0,0.15
26232,Atlantic herring. smoked. in oil,168,15.1,2,11,0,3.12,0,4.08
26234,Ling. cooked,105,24.5,traces,0.82,0,,0,0.21
26247,Greenland halibut. steamed,173,17.3,traces,11.6,0,2.07,0,0.36
26248,Common sole. grilled,96.7,23.6,traces,,0,,0,0.37
26999,Eel. cooked (average),213,22.1,0,13.8,0,3.15,0,
27000,Eel. roasted/baked,229,23.6,traces,15,0,3.02,0,0.16
27001,Eel. boiled/cooked in water,197,20.5,traces,12.7,0,3.28,0,
27002,Northern pike. roasted/baked,100,23.1,traces,0.88,0,0.15,0,0.12
27004,Carp. roasted/baked,151,21.6,traces,7.17,0,1.27,0,0.16
27005,European perch. roasted/baked,119,22.1,traces,3.42,0,0.85,0,0.096
27006,Trout. roasted/baked,183,26.6,traces,8.47,0,1.47,0,0.17
27007,Trout. steamed,99.4,19,traces,2.6,0,0.54,0,
27014,Rainbow trout. farmed. roasted/baked,143,21.5,traces,6.33,0,1.51,0,0.13
27015,Rainbow trout. farmed. steamed,117,20,traces,4.14,0,0.86,0,
27018,Pangasius. filets. cooked,79,17.5,traces,1,0,0.51,0,0.58
27029,Trout. farmed. smoked,180,23.4,0.69,9.27,0,1.71,0,3.18
27030,European bass. roasted/baked,147,22.2,traces,6.51,0,1.27,0,0.17
27031,Gilthead seabream. roasted/baked,148,23.6,traces,5.9,0,1.3,0,0.18
26001,American bass. raw,113,20.3,traces,3.58,0,0.76,0,0.19
26006,Alaska pollock. raw,70.8,16.3,traces,0.61,0,0.015,,0.48
26009,Atlantic halibut. raw,96.5,21.2,traces,1.31,0,0.21,0,0.15
26011,Atlantic herring. raw,176,17.7,traces,11.7,0,2.82,0,0.22
26018,Anglerfish. raw,67.2,15.1,traces,0.74,0,0.2,,0.19
26036,Salmon. raw. farmed,194,20.5,traces,12.4,0,2.15,,0.16
26042,Turbot. raw. wild,91.5,17.2,traces,2.54,0,0.71,0,0.24
26043,Cod. raw,77.6,18.1,traces,0.57,0,0.1,,0.23
26044,European hake. raw,82.6,17.6,traces,1.35,0,0.22,0,0.22
26047,Saithe. frozen. raw,82.4,19.8,traces,0.37,0,0.074,0,0.2
26048,Hake. fillet. frozen. raw,82,15.1,traces,2.4,0,0.6,0,0.53
26051,Mackerel. raw,194,18.1,traces,13.5,0,3.22,0,0.16
26052,Ray. raw,89.9,21.4,traces,0.47,0,0.12,0,0.35
26053,Tuna. raw,144,24,traces,5.38,0,1.19,0,0.12
26055,European plaice. raw,88.6,20,traces,0.94,0,0.2,0,0.2
26057,Common dab. raw,80.8,18.3,traces,0.85,0,0.16,0,0.28
26058,Common sole. raw,77.3,18,traces,0.6,0,0.13,0,0.19
26063,Spiny scorpionfish. raw,87.6,18.9,traces,1.33,0,0.24,0,
26064,Yellowfin tuna. raw,108,25,traces,0.94,0,0.17,0,0.11
26065,European pilchard or sardine. raw,163,19.5,traces,9.48,0,2.4,0,0.22
26068,Skipjack tuna. raw,97.1,22,traces,1.01,0,0.33,0,0.093
26069,Atlantic bluefin tuna. raw,155,23.3,traces,6.81,0,1.26,0,0.098
26072,European bass. raw,82.5,19.1,traces,0.7,0,0.2,0,0.23
26074,Nursehound or lesser spotted dogfish. raw,97.8,23.3,traces,0.5,0,0.11,0,0.31
26075,Atlantic bass. raw,89.9,16.6,traces,2.61,0,0.42,0,0.25
26076,Albacore. raw,121,27.2,traces,1.37,0,0.26,0,0.29
26079,Common anchovy. raw,129,18.6,traces,6.07,0,1.64,0,0.18
26080,Gilthead seabream. raw. wild,93.2,18.1,traces,2.31,0,0.46,0,0.12
26082,Swordfish. raw,130,18.9,traces,5.97,0,,0,0.28
26083,Pond smelt. raw,85.4,17.5,traces,1.7,0,0.27,0,0.39
26084,Megrim. raw,93.4,19.9,traces,1.53,0,0.43,0,
26085,Surmullet or red mullet. raw,158,18.4,traces,9.37,0,2.72,0,0.17
26088,Gilthead seabream. raw. farmed,129,20.9,traces,5.1,0,1.19,0,0.13
26091,Mullet. raw,113,20.1,traces,3.62,0,1.17,0,0.18
26092,Sea trout. raw,111,19.6,traces,3.63,0,0.62,0,0.14
26095,Whiting. raw,79.3,18.8,traces,0.47,0,0.095,0,0.16
26098,Cod. salted. dried,206,47.6,traces,1.67,0,0.31,0,12.3
26099,Black seabream. raw,130,20.5,traces,5.27,0,1.41,,0.15
26100,Bogue. raw,90,17.9,traces,2.03,0,,0,0.28
26101,Bonito. raw,161,22.3,traces,8.01,0,2.11,0,1.35
26102,Atlantic chub mackerel. raw,135,22.1,traces,5.15,0,1.59,0,0.15
26103,Common dentex. raw,99.3,17,traces,3.5,0,0.45,0,0.19
26104,John dory. raw,86.7,19.9,traces,0.8,0,0.17,0,0.17
26106,Red gurnard. raw,94,19,traces,2,0,,0,
26107,Brown meagre. raw,87.2,20,traces,0.8,0,,0,
26108,Capelin. raw,90,18.7,traces,1.71,0,,0,0.27
26109,Blackspot seabream. raw,102,21,traces,2,0,,0,
26110,Surmullet or red mullet. steamed,143,24.1,traces,5.2,0,0.73,0,0.24
26111,Salema. raw,94.5,18,traces,2.5,0,,0,
26113,Horse mackerel. raw,116,19,traces,4.42,0,2.31,0,
26122,Haddock. raw,72.3,17.3,traces,0.35,0,0.098,0,0.16
26127,Conger. raw,115,18.3,traces,4.6,0,,0,0.13
26128,Roundnose grenadier. raw,68.9,15.4,traces,0.81,0,0.11,0,0.24
26129,Pollack. raw,75.5,17.7,traces,0.51,0,0.07,0,0.29
26130,Ling. raw,80.8,19.2,traces,0.44,0,0.11,0,0.26
26133,Pouting. raw,81.6,19.7,traces,0.33,0,0.098,0,0.2
26134,Saithe. raw,82.5,18.8,traces,0.8,0,0.15,0,0.2
26135,Lemon sole. raw,80.6,17,traces,1.4,0,0.2,0,0.24
26141,Cod liver. raw,619,5,traces,66.6,0,14,0,1.47
26146,Snapper. raw,94.1,20.5,traces,1.34,0,0.29,0,0.16
26153,Largehead hairtail. raw,125,18,traces,5.9,0,0.94,0,0.28
26154,Greenland halibut. raw,168,13.5,traces,12.7,0,2.32,0,0.43
26157,Crevalle jack. raw,104,19.9,traces,2.7,0,,0,0.22
26159,Bigeye scad. raw,70.9,17.5,traces,0.1,0,,0,0.15
26161,Salmon. raw. wild,166,21,traces,9.17,0,1.92,0,0.12
26162,Shark. raw,109,20.8,traces,2.91,0,0.48,0,0.2
26166,Garfish. raw,133,20,traces,5.91,0,1.81,0,0.21
26168,Lump fish. raw,168,10,traces,14.2,0,3.01,0,0.17
26170,Freshwater bream. raw,104,16.9,traces,4,0,0.78,0,0.11
26171,Arctic char. raw,103,19.8,traces,2.7,0,2.2,0,0.14
26172,Spotted wolffish,108,16.3,traces,4.8,0,0.96,0,0.26
26173,European sprat. raw,186,19.8,traces,11.9,0,3.32,0,
26174,Turbot. raw,85.5,17.9,traces,1.55,0,0.19,0,0.23
26175,European whitefish. raw,115,20.5,traces,3.72,0,0.61,0,0.13
26178,Grouper. raw,82.3,18.6,traces,0.86,0,0.2,0,0.13
26194,Blue ling. raw,79.6,18.9,traces,0.44,0,0.095,0,0.23
26200,Tonguesole. raw,68.2,15.7,traces,0.58,0,0.18,0,0.35
26201,Turbot. raw. farmed,109,18.3,traces,3.94,0,0.57,0,0.19
26205,Mediterranean bass. raw. wild,97.9,20.1,traces,1.94,0,0.49,0,0.18
26206,Mediterranean bass. raw. farmed,124,21.4,traces,4.25,0,1.04,0,0.12
26208,Anglerfish (Lophius budegassa). raw,70.2,16.7,traces,0.37,0,0.084,0,0.32
26210,Golden redfish. raw,89.5,18.8,traces,1.6,0,0.31,0,0.18
26213,Grenadier. from any fishing spot. raw,92.3,17.8,traces,2.36,0,0.53,0,0.18
26214,Blue grenadier. raw,75.5,15.6,traces,1.46,0,0.26,0,0.14
26219,Tub gurnard. raw,97.4,20.3,traces,1.79,0,,0,0.14
26233,Shallow-water Cape hake. raw,78,16.1,traces,1.52,0,0.51,0,0.28
26235,Horse mackerel. lean (spring. summer). raw,96.7,18.7,traces,2.42,0,0.66,0,0.16
26236,Horse mackerel. oily (autumn. winter). raw,147,19.6,traces,7.66,0,1.79,0,0.14
26237,Atlantic herring. lean. raw,111,18.3,traces,4.22,0,0.83,0,0.19
26238,Atlantic herring. oily. raw,172,18.7,traces,10.8,0,2.23,0,0.13
26240,Big-scale sand smelt (whole small fish). to fry. raw,88.9,17.5,traces,2.1,0,0.4,0,0.27
26241,Blue shark. fillet. without skin. raw,73.5,15,traces,1.5,0,0.3,0,0.21
26244,Surmullet or red mullet. fillet with skin. frozen. raw (from Thailand or Senegal),96.7,16.3,traces,3.5,0,0.9,0,0.2
27003,Carp. raw. farmed,114,17.7,traces,4.76,0,1.28,0,0.077
27008,Trout. farmed. raw,133,19.3,traces,6.22,0,1.25,0,0.1
27009,Rainbow trout. raw. farmed,132,19,traces,6.24,0,1.15,0,0.11
27010,European perch. raw,82.2,17.9,traces,1.19,0,0.28,0,0.14
27011,Northern pike. raw,83.7,18.8,traces,0.94,0,0.26,0,0.13
27012,Sturgeon. raw,123,17.7,traces,5.84,0,1.34,0,0.12
27016,Eel. raw,232,16.1,traces,18.6,0,3.89,0,0.16
27017,Brown bullhead. raw,65.2,13.5,traces,1.27,0,0.47,0,0.68
27019,Tilapia. raw,91.6,18.1,traces,2.13,0,0.56,0,0.071
27021,Salmon trout. raw,143,19.2,traces,7.4,0,1.2,0,0.2
27023,Burbot. raw,77,17.8,traces,0.66,0,0.17,0,0.22
27024,Pike-perch. raw,82.9,18.3,traces,1.08,0,0.21,0,0.12
27025,Nile perch. raw,82.4,19.1,traces,0.68,0,0.22,0,0.14
10000,Winkle. cooked,,16.3,,3.5,,0.26,0,0.48
10004,Scallop. with coral. cooked,110,20.2,3.22,1.77,0.3,0.32,0,0.46
10006,Shrimp. cooked,89.9,18.3,1.47,1.2,,0.31,0,1.15
10007,Shrimp or prawn. cooked,93.8,19,1.87,1.16,,0.31,0,1.35
10009,Lobster. boiled/cooked in water,90.9,19.6,0.11,1.32,0,0.21,0,0.9
10013,Mussel. boiled/cooked in water,108,17.2,5.12,2.09,,0.37,0,0.8
10020,Whelk. cooked,97.7,20.7,2.69,0.47,traces,0.072,0,0.97
10022,Spiny lobster. boiled/cooked in water,106,21.8,1.3,1.52,0,0.26,0,0.46
10025,Crab. boiled/cooked in water,124,19.5,1.79,4.29,0,0.55,0,1.23
10027,Clam. boiled/cooked in water,99.2,16.2,5.33,1.48,0,0.14,0,1.56
10031,Crayfish. cooked,73.5,16.3,0.56,0.7,,0.17,0,0.21
10033,Prawn. common. cooked,,22.8,,1.27,,0.22,0,0.47
10037,Squid. boiled/cooked in water,149,32.5,1.64,1.4,,0.24,0,1.86
10043,Crustacean or mollusk (average),104,18.9,3.06,1.76,0.12,0.35,0.00092,1.1
10044,Norway lobster. boiled/cooked in water,,20.9,,0.98,,0.14,0,0.67
10057,Spinous spider crab. boiled,,18.3,,3.8,,1.14,0,0.96
10061,Whiteleg shrimp. boiled,,22.6,,0.96,,0.23,0,1.82
10062,Giant tiger prawn. cooked,,23.4,,0.98,,0.19,0,1.43
10064,Pinkspotted shrimp. cooked,,26.6,,1.18,,0.25,0,0.34
10079,Octopus. common. cooked,156,29.8,4.4,2.08,0,0.45,0,1.15
10080,Seafood. cooked. frozen,79.5,13.5,2.83,1.57,0,0.45,0,0.99
10084,Squid. fried or pan-fried with fat,173,17.9,8.45,7.48,,1.88,0,0.77
10099,Snail. without added fat. cooked,80,16.6,0.23,1.4,,0.31,0,0.27
34501,Frog. leg. grilled/pan-fried,,21.9,,0.9,,0.3,0,0.22
10001,Squid. raw,77,14.4,2.17,1.19,0,0.28,0,0.61
10003,Scallop. with coral. raw,83,17,0.78,1.31,0.5,0.19,0,0.48
10008,Snail. raw,77.9,16.1,1.29,0.92,0,0.19,0,0.35
10010,Lobster. raw,85.5,17.9,0.94,1.15,0,0.13,0,0.9
10011,Oyster. raw,67.2,8.64,3.86,1.91,traces,0.34,0,1.45
10014,Mussel. common. raw,71.8,11.2,2.69,1.82,0,0.45,0,0.85
10015,Spiny lobster. raw,86.9,17.7,1.07,1.34,0,0.25,0,0.45
10016,Cuttlefish. raw,76.3,16.2,0.51,1.05,0,0.35,0,0.93
10017,Clam. raw,80.5,11.5,2.66,2.65,0.16,0.21,0,0.82
10018,Octopus. common. raw,60.1,12.9,0.97,0.5,0,0.16,0,0.68
10019,Whelk. raw,131,23.8,7.61,0.57,0,0.031,0,0.52
10021,Shrimp or prawn. raw,99,19.7,3.21,0.84,0,0.19,0,0.45
10024,Norway lobster. raw,89.8,19.1,1.53,0.79,0,0.21,0,0.72
10026,Mediterranean mussel. raw,68.7,10.7,2.77,1.67,,,0,
10030,Crayfish. raw,68.3,14.8,0.81,0.64,0,0.11,0,0.39
10035,Pacific oyster. raw,67.2,8.64,3.86,1.91,0,0.34,0,1.41
10036,European oyster. raw,53.5,10.2,1.16,0.9,0,0.17,0,1.28
10038,Shrimp. frozen. raw,105,23.4,0.74,0.9,,0.17,,0.6
10039,Crab. raw,104,19.5,0.027,2.86,0,0.47,0,0.69
10041,Abalone or ormer or sea ear. raw,99.6,14.4,8.69,0.83,0,0.15,0,0.47
10045,Scallop. without coral. raw,83.6,17.9,1.15,0.84,0,0.094,0,0.34
10048,American or Canadian sea scallop. without coral. raw,81.3,17.3,1.78,0.54,,,0,
10049,Peru sea scallop. without coral. raw,88.7,17.5,3.1,0.7,0,0.3,0,0.38
10059,deep water pink shrimp. raw,92.3,21.9,0,0.53,,0.11,0,0.3
34500,Frog. leg. raw,70,16.2,0.66,0.28,0,0.073,0,0.14
8059,Rillettes. crab. prepacked,192,12.2,3.5,13.6,1.6,1.1,3.5,1.11
8080,Rillette. fish. prepacked,243,13.9,0.3,20.7,0.3,4.24,0,0.96
8081,Rillettes. salmon. prepacked,237,15.1,2,18.4,0.9,2.4,1.6,1.3
8082,Rillettes. tuna. prepacked,199,16.4,1.65,13.8,1.2,1.1,1.4,1.24
8083,Rillettes. mackerel. prepacked,246,11,1,22,0,,0,
8291,Fish terrine. prepacked,171,11,5.5,11.4,0.2,4,1.4,1.25
8292,Seafood terrine. with or without fish. prepacked,188,8.4,6.5,14,1.2,3.4,1.3,1.48
8293,Taramasalata. prepacked,534,6.75,3.19,54.8,0.75,4.61,0.74,1.69
10002,Squid fritter. Roman-style,252,8.69,21.2,14.4,2.58,1.77,1.66,2.13
10005,Flaked crab and/or decorticated crab leg. canned. drained,111,14.8,8.72,1.8,0.6,0.23,,1.59
10012,Scampi. breaded. fried,282,10.9,29,13.6,traces,1.5,traces,1.65
10023,Shrimp fritters,222,6.5,26,10,11,0.5,1,1.9
10028,Mussel. canned. drained,102,14.6,5.93,2.2,0.5,0.54,0,1.6
10042,Snail in parsley butter. prepacked. cooked,277,12.9,2.26,23.7,1.02,14.8,1.69,1.66
10081,Mussels. in Catalan-style sauce or marinade (tomatoes). canned. drained,145,12.5,5,7.9,3.7,0.91,2,1.73
25433,Caribbean-style fish fritters. fish acras,275,12.4,15.1,17.6,2.55,2.3,3,1.24
25537,Salmon carpaccio. w marinade,194,19.8,0.22,12.7,0,2.44,0,0.098
25995,Mackerel. grilled filet. canned. plain. drained,246,19.7,0.55,18.3,,4.27,0,0.84
25999,Anchovy. fillets. rolled with capers. semi-preserved. drained,198,24.8,1.48,10.3,,0.86,,
26000,Anchovy. fillets. in oil. semi-preserved. drained,182,26.4,,8.45,0,3.08,,11.3
26002,European plaice. breaded. fried,242,13.4,8.86,16.8,,2,1,0.66
26004,Lump roe. semi-preserved,111,10.4,1,7.27,0,1.97,0,4.87
26005,Caviar. semi-preserved,254,25,traces,17.1,traces,3.21,0,
26010,Atlantic herring. marinated. or rollmops,211,13.7,8,13.8,1.9,2.51,0,2.56
26016,Lemon sole. breaded. fried,206,16.7,11.9,10.2,1,1.3,0,0.69
26027,Pilchard. in tomato sauce. canned. drained,167,13,3.99,11,1,2.35,0,1
26028,Fish. croquette. fritter or nuggets. fried,255,13.2,18.4,13.7,1.6,1.69,2.5,1.04
26029,Fish. breaded. frozen. raw,162,11,16.1,5.73,2.2,1.3,0.9,0.69
26030,Fish. breaded. fried,193,11.9,13.4,10,1.1,2.15,0.9,0.84
26034,European pilchard or sardine. in oil. canned. drained,207,24.4,0.49,12,0,2.56,0,0.75
26035,European pilchard or sardine. in tomato sauce. canned. drained,193,20.2,1.38,11.6,0.7,3.04,1.05,0.7
26039,Tuna. plain. canned. drained,111,26.8,0,0.4,0,0.086,0,0.74
26040,European pilchard or sardine. in olive oil. canned. drained,202,24.3,1.06,11.2,0,3.13,0,0.73
26046,Surimi. on sticks. in slices or grated. crab flavour,125,8.31,11.8,4.92,2.1,0.46,,1.58
26056,Cod roe. smoked. semi-preserved,146,26.9,0.1,4.2,,0.56,0,0.73
26077,Albacore. steamed under pressure,165,30,0,5.06,,1.35,0,0.1
26086,Mackerel. fillet. in tomato sauce. canned. drained,227,17.7,1.94,16.3,0.94,2.92,1.02,0.64
26096,Mackerel. fillet. in mustard sauce. canned. drained,217,20.8,1.09,14.2,0.8,3.92,0.58,1.01
26097,Mackerel. fillet. in white wine. canned. drained,207,17.8,2.25,14.1,0.5,2.92,0,0.97
26119,Salmon. canned. drained,180,20.5,1.5,10.2,,1.68,0,1.22
26123,Mackerel. canned in brine. drained,189,21.6,0,11.4,0,2.73,0,1.21
26124,Whiting. breaded,190,12.6,13,9.57,1.7,1.1,0.9,0.64
26142,Cod liver. canned. drained,433,7.25,1.1,44.4,,6.87,0,1.12
26151,Trout egges. canned,,26.3,,9.5,,1.65,0,2.68
26177,Anchovy. in salt (semi-preserved),128,25,0,3.1,0,0.82,0,9.01
26179,Albacore. in olive oil. canned. drained,192,31.3,1.01,6.95,0,1.41,0,0.67
26180,Tuna. whole slice. in sunflower oil. canned. drained,206,23.3,0.76,12.2,,1.34,0,0.93
26181,Yellowfin tuna. canned in brine. drained,128,26.6,0.58,1.98,,0.71,,0.71
26186,Mackerel. marinated,185,16.3,traces,13.3,,,0,2.29
26187,Common anchovy. marinated. prepacked,136,23.9,2.7,3.26,0,1.04,0,5.58
26231,European pilchard or sardine. fillets without fishbone. in olive oil. canned. drained,213,21.5,0.62,13.9,0,3.16,0,0.7
26239,Surimi. filled w cheese,149,6.6,9.24,9.3,2.8,3.84,,1.72
26242,Tuna. flaked. in tomato sauce. canned. drained,130,14.6,4.33,5.93,3.33,0.83,0.58,1.22
26243,Tuna. in Catalan-style or in tomato sauce. canned,142,10.8,5.05,8.6,2.93,0.67,,1
26245,Tuna. flaked. in sunflower oil. canned. drained,227,23.4,0,14.8,,1.62,0,0.85
26275,Salmon roe. semi-preserved,224,30.8,1.5,10.5,,2.05,0,2.34
22008,Egg white. cooked,47.3,10.3,1.12,0.17,0.7,0,0,0.39
22009,Egg yolk. cooked,340,16,1.31,30.1,0.55,8.49,0,0.035
22010,Egg. hard-boiled,134,13.5,0.52,8.62,0.52,2.55,0,0.31
22011,Egg. poached,138,12.5,0.71,9.47,0.37,2.99,0,0.2
22014,Egg. soft-boiled,142,12.2,1.08,9.82,0.77,2.95,0,0.2
22501,Egg. fried. salted,204,14.3,0.74,16,0.4,4.21,0,0.36
22502,Egg. scrambled. with added fat,145,9.99,1.62,11,1.43,3.33,0,0.36
22505,Egg. fried without added fat,147,13.8,1.01,9.72,,2.71,0,0.4
22000,Egg. raw,140,12.7,0.27,9.83,0.27,2.64,0,0.31
22001,Egg white. raw,48.1,10.8,0.85,0.19,0.71,0,0,0.42
22002,Egg yolk. raw,307,15.5,1.09,26.7,0.56,8.47,0,0.048
22050,Quail egg. raw,154,13.1,0.41,11.1,0.4,3.56,0,0.35
22060,Duck egg. raw,181,13,1.31,13.8,0.93,3.68,0,0.37
22070,Goose egg. raw,180,13.8,1.4,13.3,0.94,3.6,0,0.35
22080,Turkey egg. raw,166,13.7,1.13,11.9,1,3.63,0,0.38
22003,Egg yolk. powder,660,34.1,2.77,57,0.07,17.6,0,0.37
22004,Egg white. powder,356,81.2,7.73,0,5.4,0,0,3.2
22013,Egg. powder,582,47.9,3.11,42,0.3,13.1,0,1.25
22506,Omelette. with cheese,255,17.7,2.56,19.3,0.4,10.1,0,0.58
22507,Omelette. with lardoons,267,12.5,1.46,23.5,0.68,9.41,0,0.98
22508,Omelette. with mushrooms,125,8.09,2.28,9.2,0.7,2.97,0.45,0.35
22509,Omelette. with herbs,147,9.5,1.98,11.2,0.8,3.6,0.55,0.43
22510,Spanish-style tortilla with onions (omelette with potatoes and onions). prepacked,165,5.56,11.7,9.9,1.22,1.55,2.7,1.06
22511,Omelette. with vegetables. cheese. meat,184,9.82,5.07,13.5,0.81,4.84,1,0.71
20591,Soy protein. textured. rehydrated,150,18.6,7.03,2.9,3.65,0.47,5.61,
20904,Tofu. plain,148,13.4,2.87,8.5,0.57,1.35,,0.025
20912,Tofu. smoked,164,14.9,2.91,9.5,0.85,1.53,,0.74
25223,Soy and wheat burger or bite (vegan),157,19.5,6.76,3.7,2.57,0.66,4.86,1.68
25224,Soy and wheat burger or bite (not vegan),185,17.6,8.19,7,2.07,0.55,5.24,1.24
25598,Seitan,134,20.6,6.74,2.5,0.81,0.38,0.9,1.13
19023,Milk. whole. UHT,65.1,3.32,4.85,3.63,4.2,2.4,0,0.11
19024,Milk. whole. pasteurised,56.5,3.3,3.47,3.3,,2.16,0,0.2
19037,Milk.  1.2% fat. vitamin D fortified. UHT,46.6,3.38,4.8,1.52,4.5,0.98,0,0.09
19038,Milk. 1.2% fat. multi-vitamin fortified. UHT,44.1,3.38,4.79,1.25,4.5,0.81,0,0.088
19039,Milk. fat content unknown. UHT sterilized,47.3,3.38,4.82,1.59,4.62,1.06,0,0.092
19041,Milk. semi-skimmed. UHT,47,3.38,4.83,1.55,4.66,1.04,0,0.09
19042,Milk. semi-skimmed. pasteurised,46.4,3.19,4.9,1.54,4.81,1.06,0,0.078
19050,Milk. skimmed. UHT,33.4,3.51,4.64,0.06,4.64,0.03,0,0.098
19051,Milk. skimmed. pasteurised,34.5,3.28,4.99,0.19,4.93,0.11,0,0.11
19060,Milk. semi-skimmed. reduced lactose,44.4,3.45,4.69,1.29,4.66,0.86,0,0.088
19200,Goat milk. whole. UHT,56.1,3.39,4.35,2.83,4.35,1.8,0,0.13
19201,Goat milk. half skimmed. UHT pasteurized,45.8,3.77,4.13,1.57,4.13,1.06,0,0.15
19202,Goat milk. whole. raw,57.4,3.22,4.01,3.2,4.01,2.16,0,0.091
19225,Mare's milk. whole,50,2.41,6.18,1.73,,0.82,0,0.05
19250,Sheep milk. whole,103,5.68,4.5,6.97,4.5,4.8,0,0.11
19021,Milk. powder. whole,499,27.4,37.5,26.8,37.5,17.3,0,0.9
19026,Condensed milk. without sugar. whole,122,6.44,9.91,5.9,9.47,3.96,,0.24
19027,Condensed milk. with sugar. whole,323,7.7,55.6,7.87,55.6,5.17,0,0.21
19044,Milk. powder. semi-skimmed,459,31.5,43.4,17.5,43.4,11.6,0,0.78
19054,Milk. powder. skimmed,361,35.3,54,0.7,53.1,0.34,0,1.21
19500,Milk beverage. fermented milk or drinking yogurt. flavoured. sweetened. sugar reduced. 0% fat. with L Casei,,2.9,3.64,0.1,3.56,0.018,0.35,0.11
19508,Dairy drink or fermented milk or yogurt. flavoured. with sugar,73.7,2.98,11.6,1.4,11.3,0.95,0.028,0.08
19516,Milk beverage. fermented milk or drinking yogurt. flavoured. w L Casei,,2.81,12.7,1.52,12.5,1.05,0.033,0.1
19534,Milk beverage. fermented milk or drinking yogurt. flavoured. fortified with vitamin D,,3.08,12.6,1.2,12,0.74,traces,0.091
19535,Dairy drink or fermented milk or yogurt. with fruits. with sugar,82.8,3.09,13.1,1.69,12.8,1.06,0.079,0.12
19536,Milk beverage. fermented milk or drinking yogurt. with fruits. fortifed with vitamin D,,3.03,13.9,1.5,13.5,0.97,0.11,0.1
19538,Dairy drink or fermented milk or yogurt. plain. with sugar. with L Casei,,2.76,12.9,1.6,12.9,1.05,,0.1
19539,Fermented milk or dairy specialty. yogurt type. flavoured. with sugar. with bifidus,94.4,3.83,11.5,3.1,11.5,2.11,,0.1
19541,Fermented milk or yogurt type specialty. w fruits. w sweetener. 0% fat. with bifidus,,4.67,6.71,0.094,6.37,0.039,1.08,0.18
19542,Fermented milk or dairy specialty. yogurt type. with fruits. with sugar. with bifidus,97.2,3.57,13,3.01,12.9,2,0.65,0.14
19543,Fermented milk or yogurt type specialty. with fruits. sweetend. with sterol esters. 0% fat,,3.88,6.6,0.5,5.7,0.1,0.45,0.16
19544,Fermented milk or yogurt type specialty. plain. 0% fat. w bifidus,,4.39,5.75,0.3,5.75,0.17,0,0.14
19546,Fermented milk or dairy specialty. yogurt type. plain. with bifidus,64.5,3.84,3.47,3.6,3.32,2.3,,0.12
19548,Fermented milk or yogurt type specialty. on a bed of fruits. w sugar. with bifidus,,3.81,13.3,2.72,12.6,1.8,0.78,0.15
19550,Yogurt. Greek-style. ewe's milk,69.1,3.84,4.99,3.4,2.6,2.38,0,0.0079
19552,Yogurt. Greek-style. on a bed of fruits,,2.31,16.3,6.3,15,4.45,0.38,0.098
19553,Yogurt. ewe's milk. flavoured. w sugar,93.7,5.04,9.33,3.7,8.3,2.52,0,0.12
19554,Yogurt. ewe's milk. plain. 3% fat,,5.72,4.6,3,2.8,2.2,0.13,0.12
19556,Yogurt. goat's milk. plain. around 5% fat,73.4,4.15,1.12,5.2,1.12,3.52,,0.09
19557,Yogurt. fermented milk or dairy specialty. on a bed of fruits. w sugar,,2.95,15.2,3.91,14.6,2.51,0.42,0.099
19558,Yogurt. fermented milk or dairy specialty. with cereals. fat free,,4.63,8.25,1.08,6.78,0.5,0.3,0.17
19559,Yogurt. fermented milk or dairy specialty. flavoured. with sweetener. fat free,54.5,4.53,8.29,0.06,4.23,0.038,traces,0.15
19575,Yogurt. fermented milk or dairy specialty. flavoured. with sugar,89.1,3.42,12.2,2.6,12.1,1.75,0.17,0.15
19577,Yogurt. fermented milk or dairy specialty. flavoured. w sugar. with cream,,3.08,13.4,5.45,12.4,4.18,0.083,0.093
19578,Yogurt. fermented milk or dairy specialty. flavoured. with sugar. fortified with vitamin D,,3.43,13.6,1.79,12.9,1.22,0.075,0.11
19579,Yogurt. fermented milk or dairy specialty. w cereals,,3.64,11.3,3.43,9.9,2.22,1,0.11
19580,Yogurt. fermented milk or dairy specialty. with chocolate shavings. with cream. with sugar,122,3.51,14.1,5.1,14,3.3,,0.085
19581,Yogurt. fermented milk or dairy specialty. with fruits. with sweetener. fat free,38.9,4.21,3.72,,3.72,,,0.12
19582,Yogurt. fermented milk or dairy specialty. with fruits. with sweetener. fat free. fortified with vitamin D,,4.54,7.45,0.097,6.31,0.042,0.66,0.16
19587,Yogurt. fermented milk or dairy specialty. w fruits. with sugar,95.7,3.61,14.2,2.4,13.6,1.54,0.22,0.12
19589,Yogurt. fermented milk or dairy specialty. w fruits. with sugar. with cream,109,2.42,14.5,4.28,13.7,2.84,0.21,0.093
19592,Yogurt. fermented milk or dairy specialty. with fruits. with sugar. fortified with vitamin D,,3.51,14,2.35,12.7,1.45,0.1,0.11
19593,Yogurt. fermented milk or dairy specialty. plain,45.5,3.96,2.65,1.5,2.65,1,,0.11
19594,Yogurt. fermented milk or dairy specialty. plain. fat free,39.4,4.82,4.1,0.064,4.1,0.041,traces,0.14
19596,Yogurt. fermented milk or dairy specialty. plain. 0% fat. fortified with vitamin D,,4.59,5,0,4.8,,,0.14
19597,Yogurt. fermented milk or dairy specialty. plain. 0% fat. with sugar. fortified with vitamin D,,4.41,5.4,1.17,5.13,0.59,,0.17
19598,Yogurt. fermented milk or dairy specialty. plain. w cream,115,3.06,3.08,9.8,3.08,6.51,traces,0.088
19599,Yogurt. fermented milk or dairy specialty. plain. w sugar,84.3,3.48,12.5,1.95,12.5,1.29,traces,0.12
19600,Yoghurt. plain (average),56.8,3.88,4.73,2.3,4.67,1.53,0.86,0.11
19624,Yoghurt. plain or fruit (average),69.4,3.65,7.47,2.5,7.24,1.65,0.71,0.11
19628,Yoghurt. fruit (average),93.1,3.2,12.8,2.89,12.2,1.89,0.43,0.11
19669,Yoghurt. high in protein. on a fruit layer,98.3,7.46,11.5,2.29,11.3,1.56,0,0.083
19671,Yogurt. fermented milk or dairy specialty. w fruits or flavoured. 0% fat (average),42.4,4.29,4.92,0.13,4.01,0.015,1.12,0.12
19672,Yogurt. fermented milk or dairy specialty. w fruits or flavoured. no 0% fat (average),93.2,3.24,12.9,2.81,12.5,1.88,0.27,0.12
19675,Yogurt. fermented milk or dairy specialty. w fruits or flavoured. w sweetener (average),42.4,4.29,4.92,0.13,4.01,0.015,1.12,0.12
19676,Yogurt. fermented milk or dairy specialty. w fruits or flavoured. w sugar (average),93.3,3.24,13,2.83,12.6,1.9,0.27,0.12
19677,Yogurt. fermented milk or dairy specialty. w fruits or flavoured. w sugar. no 0% fat (average),93.2,3.24,13,2.83,12.6,1.9,0.27,0.12
19682,Yogurt. fermented milk or dairy specialty. w fruits or flavoured (average),89.3,3.32,12.4,2.63,12,1.76,0.33,0.12
19801,Fermented milk drink. plain. skimmed milk,33.6,3.51,2.18,0.6,2.18,0.39,,0.088
19805,Fermented milk drink. plain. whole milk,55.7,3.38,1.99,3.2,1.99,2.24,,0.088
19860,Yogurt. Greek-style. plain,,3.32,4.21,9.22,3.9,6.22,,0.097
19862,Yogurt. Greek-style. flavored,,4.29,12.8,8.2,12.6,5.4,0,0.18
19865,Kefir,,3.19,4.5,3.5,3.62,2.33,0,0.12
19882,Yogurt. ewe's milk. wholemilk. plain,,5.14,4.56,6.08,2.8,4.8,,0.1
19501,Quark. plain or fruit (average),87.7,7.1,5.68,4.31,5,2.81,0.0048,0.11
19572,Petit-Suisse type cheese 20% fidm. flavoured. made of half-skimmed milk,,3.95,20.9,5.18,18.9,3.84,0.2,0.27
19638,Drained soft fresh cheese. fruit sauce,,3.57,8.5,5,8.5,3.4,,0.077
19639,Drained soft fresh cheese. 0% fat,,4.47,4.44,0,3.99,0,traces,0.11
19641,Drained soft fresh cheese. around 6% fat,84.2,4.47,3.57,5.5,3.57,3.74,traces,0.088
19643,Fresh cream cheese and whipped cream. on a bed of fruits. w sugar,,4.59,16,7,15,4.5,traces,0.09
19644,Fresh cream cheese. plain. fat free,49.4,7.95,3.89,0.044,3.89,0.027,traces,0.11
19645,Fresh cream cheese. 0% fat. plain. fortified with vitamin D,,7.55,5,0.1,5,0.06,0,0.15
19646,Fresh cream cheese. plain. around 3% fat,76.9,8.03,3.46,3.26,3.46,2.12,traces,0.11
19647,Fresh cream cheese. 3% fat. plain. w bifidus,,7.19,3.94,3.28,3.88,2.06,0,0.11
19648,Fresh cream cheese. 3% fat. plain. fortified with vitamin D,,7.04,5.4,3.2,5.4,2.2,0,0.2
19649,Fresh cream cheese. plain. creamy. around 8% fat,116,6.19,5.25,7.65,3.33,4.99,traces,0.1
19650,Fresh cream cheese or dairy specialty w whipped cream. 10% fat,,6.89,3.74,10.2,3.68,6.63,traces,0.13
19651,Fresh cream cheese or dairy specialty. flavoured. w sugar. 0% fat,,7.12,12.5,,12.2,,traces,0.1
19652,Fresh cream cheese or dairy specialty. flavoured. w sugar. 3% fat,,6.39,13.1,2.65,12.4,1.69,traces,0.099
19653,Fresh cream cheese or dairy specialty. flavoured. w sugar. 3% fat. with bifidus,,5.58,14,3.2,13.8,2.03,0.28,0.11
19654,Fresh cream cheese or dairy specialty. w chocolate flakes. with sugar. 7% fat,,5.34,16.2,5.97,15.5,3.93,0.13,0.1
19655,Fresh cream cheese or dairy specialty. with fruits. sweetened. sugar reduced. 0% fat,,6.24,6.76,0.12,6.19,0.05,0.58,0.14
19656,Fresh cream cheese or dairy specialty. w fruits. with sugar. 0% fat,,7.93,13.5,traces,12,0,0,0.075
19657,Fresh cream cheese or dairy specialty. w fruits. with sugar. 3% fat,,5.23,14.7,3.31,14.3,2.2,0.12,0.087
19658,Fresh cream cheese or dairy specialty. w fruits. with sugar. 3% fat. with bifidus,,5.36,13.5,2.98,12.8,1.94,0.36,0.11
19659,Fresh cream cheese. with fruits. creamy. with sugar. around 7% fat,,5.18,13.4,5.53,12.5,3.59,0.68,0.13
19661,Petit-Suisse. fresh cream cheese type. with fruits. 2-3% fat,92.7,6.7,9.34,2.8,9.3,1.79,1,0.053
19662,Petit-Suisse. fresh cream cheese type. with fruits. 2-3% fat. fortified with calcium and vitamin D,,6.42,12.2,2.63,10.9,1.46,0.2,0.076
19663,Petit-Suisse. fresh cream cheese type. plain. fat free,,9.89,3.8,0.24,3.2,,0,0.11
19664,Petit-Suisse. fresh cream cheese type. plain. around 4% fat,88.8,9.95,2.84,4,2.84,2.74,0,0.083
19665,Fresh cream cheese mousse. on a bed of fruits. 0% fat. sweetened. fortified with calcium and vitamin D,,6.48,6,0.45,5.05,0.26,1.35,0.15
19666,Petit-Suisse like fresh cream cheese. plain. around 9% fat,149,9.7,3.17,10.4,3.17,6.99,,0.058
19667,Petit-Suisse. fresh cream cheese type. flavoured or with fruits. 2-3% fat. fortified with calcium and vitamin D,90.4,5.74,10.2,2.5,10.1,1.61,,0.075
19668,Fresh cream cheese or dairy specialty. with fruits. sweetened. sugar reduced. 3% fat,,3.16,12.2,2.5,11.9,1.7,0.2,0.13
19673,Custard dessert. reduced fat. refrigerated,79.2,3.64,12.4,1.3,11.8,0.83,,0.14
19674,Flan with eggs. refrigerated,111,4.08,18.5,2.2,16,1.2,,0.14
19678,Renneted milk. flavoured. refrigerated,,5.63,17.6,2.5,16.5,0.8,0,0.15
19679,Milk jelly. flavoured. covered with caramel. refrigerated,91.9,2.55,16.7,1.3,14.5,0.91,,0.1
19680,Milk jelly. flavoured. refrigerated,,3.39,19.5,3.53,17.6,2.15,0.52,0.14
19681,Custard topped with whipped cream (chocolate. coffee. caramel or vanilla custard). refrigerated,,3,18.8,5.78,15.6,3.88,0.27,0.13
19683,Milk jelly. flavoured. reduced fat and sugar. refrigerated,,4.17,11.8,1.08,10.1,0.71,2.22,0.19
19685,Panna cotta. refrigerated,198,2.74,14.9,13,14.7,8.89,,0.085
23534,Semolina pudding. with raisins and caramel sauce. refrigerated,146,3.81,24.8,3.4,19.2,2.16,,0.08
23536,Rice pudding w caramel sauce. refrigerated,143,3.19,25.4,3.1,15.7,1.88,,0.073
39001,Milkshake. from fast foods restaurant,126,3.38,17.4,4.66,13.6,2.53,0.65,0.21
39200,Custard dessert. chocolate. refrigerated,130,3.39,19.9,3.93,16.5,2.6,0.72,0.15
39206,Chocolate mousse (milk-based). refrigerated,150,5.42,21.3,4.4,18.9,2.81,,0.16
39209,Custard cream with caramel sauce. refrigerated,132,4.45,20.6,3.6,18,1.93,traces,0.14
39211,Custard cream with eggs (a small jar of chocolate or vanilla cream or other flavour). refrigerated,176,4.32,19.4,8.88,16.4,5.23,0.67,0.14
39212,Rice pudding. refrigerated,126,3.34,21.4,3.01,13,1.97,0.28,0.13
39213,Caramelized custard cream (crème brûlée). refrigerated,272,4.46,16.6,20.8,15.6,12.9,0.61,0.11
39214,Custard dessert. vanilla. canned,132,3.7,21.1,3.62,16,1.8,0.5,0.17
39215,Floating island (meringue poached in milk and served in a light custard cream). refrigerated,129,4.98,19.8,3.31,17.9,1.52,0.047,0.11
39218,Semolina pudding. refrigerated,121,3.46,19.4,3.23,14,2.28,0.55,0.095
39228,Fruit mousse. refrigerated,53.1,6.25,5.51,,4.31,,1.2,0.09
39229,Custard dessert. vanilla. refrigerated,105,3.06,14.4,3.6,14.2,2.48,,0.12
39230,Custard dessert. refrigerated (average),133,3.42,17.9,5.1,15.7,3.3,0.85,0.14
39235,Mousse (chocolate. coffee. caramel or vanilla) topped with whipped cream. refrigerated,186,3.62,20,10.1,18.3,6.64,0.75,0.14
39246,Custard dessert. coffee. refrigerated,116,2.93,17.8,3.69,14,2.5,0.042,0.16
39247,Custard dessert. caramel. refrigerated,117,2.92,18.6,3.47,15.9,2.22,0.12,0.18
39505,Custard dessert. canned (average),135,3.49,21.4,3.52,16.4,1.22,1.98,0.14
39506,Custard dessert. chocolate. canned,138,3.25,21.8,3.42,16.8,0.6,3.6,0.1
39511,Custard dessert. refrigerated or canned (average),133,3.42,18,5.07,15.7,3.25,0.88,0.14
19689,Cheesecake. prepacked,330,4.57,31.7,20.3,21.6,12.2,0.9,0.38
19698,Tiramisu. prepacked,241,4.25,30.4,9.8,19.5,6.41,1.2,0.19
19852,Chestnut mousse. prepacked,207,2.17,34.4,6.5,28.3,4.52,1.1,0.04
23474,Profiteroles (chou pastry). with custard and chocolate sauce. prepacked,273,5.51,34.3,12.2,20.9,9.03,2.31,0.3
23535,Semolina pudding. canned,150,2.85,27.4,3.03,,1.18,1,0.069
39210,Mousse. chocolate. prepacked,303,6.52,25.6,18.6,21.5,15.4,3.8,0.25
39216,Fruits batter-pudding. prepacked,192,5.22,27.2,6.51,21.4,3.9,1.88,0.18
39220,Fruit liegeois. prepacked,147,1.5,16,8.1,15.1,5.44,1.2,0.043
39232,Rice pudding. cake. canned,115,4.29,20,1.9,12,,0.3,0.15
39233,Dark chocolate fondant w light custard cream. prepacked,,5.05,20,14.3,,,,
39234,Chocolate cake w melting centre. prepacked (refrigerated),364,6.86,41.9,18.1,30.9,12.5,3.24,0.073
39236,French toast,218,6,29,8.45,13.3,2.13,1.1,1.22
39400,Eggnog. without alcohol,87.8,4.55,8.05,4.19,8.05,2.59,0,0.14
39710,Pastry cream or custard,120,3.79,18,3.6,15.3,1.76,0,0.2
19692,Soy dessert. w fruits. sweet. fortified with calcium. prepacked,86.7,2.74,12.9,2.3,11.6,0.79,,0.07
19693,Soy dessert. plain. not fortified. prepacked,44.7,3.76,2.05,1.9,0.69,0.22,0.8,0.085
19694,Soy dessert. plain. fortified with calcium. prepacked,42,3.59,1.1,2.1,0.27,0.34,0.6,0.053
19695,Soy dessert. w fruits. sweet. not fortified. prepacked,78,3.31,11,1.7,10.6,0.34,1.1,0.085
19696,Soy dessert. w almonds. prepacked,56,3.65,2.85,2.8,1.09,0.38,0.6,0.19
20911,Soy dessert. flavoured. sweet. fortified with calcium. prepacked,95,3.25,15.3,1.9,13.2,0.48,1.1,0.13
20921,Soy dessert. flavoured. sweet. not fortified. prepacked,93.1,2.74,16,1.7,12.5,0.47,0.8,0.11
20922,Plant-based dessert (almond. oat. hemp. coconut. rice). flavoured. sweet. not fortified. prepacked,148,1.66,15.8,8,12.4,4.92,2.1,0.065
20923,Plant-based dessert without soybean (coconut. rice). with fruits. sweet. fortified with calcium. prepacked,76.6,,16,1,10.8,0.83,,0.095
39248,Mousse. chocolate. plant-based. prepacked,262,6.69,24.3,14,23.1,9.04,5.1,0.36
12999,Cheese (average),338,21.8,0.56,27.4,0.27,18.2,0,1.28
12001,Camembert cheese. from cow's milk,280,19.5,traces,22.5,traces,15.8,0,1.45
12003,Soft-ripened cheese with bloomy rind (Camembert-type cheese),359,17.5,traces,32.3,,,0,1.18
12006,Camembert cheese. from cow's milk. from raw milk,267,20.7,traces,20.3,,14.1,0,1.45
12008,Soft-ripened cheese. double cream. around 30% fatwith bloomy rind,333,17.5,traces,29.4,,18.5,0,1.28
12009,Soft-ripened round cheese with bloomy rind. 5 to 11% fat. Camembert-type cheese. reduced fat,173,22.6,traces,9.3,traces,6.8,0,1.44
12010,Coulommiers cheese. from cow's milk,279,18.8,traces,22.8,0,15.8,0,1.37
12012,Soft-ripened round cheese with bloomy rind. around 11% fat. Coulommiers-type cheese. reduced fat,187,22.5,traces,11,0,7.9,0,0.9
12013,Soft-ripened round cheese with bloomy rind. around 5% fat. Camembert-type cheese. reduced fat,150,25.7,traces,5.5,,,0,
12020,Brie cheese. from cow's milk,297,17.3,traces,25.5,0,16.3,0,1.51
12021,Brie de Meaux cheese. from cow's milk,271,21.4,traces,20.7,,14.5,0,2.02
12022,Brie de Melun cheese. from cow's milk,288,22,traces,22.2,,15.2,0,1.89
12025,Carré de l'Est cheese. from cow's milk,327,21.4,traces,27,0,19,0,1.58
12028,Chaource cheese. from cow's milk,276,17.3,traces,22.9,,15.8,0,1.9
12029,"Maroilles ""laitier"" cheese",338,22.3,traces,27.8,,17.5,0,1.87
12030,"Maroilles ""fermier"" cheese",349,21.2,traces,29.5,,17.3,0,2.07
12031,Neufchâtel cheese. from cow's milk,287,18.5,traces,23.9,,20,0,1.87
12033,Soft-ripened cheese. triple cream. around 40% fat,376,9.89,traces,37.5,0,25.1,0,1.09
12034,Soft-ripened cheese. washed rind (average),320,20.6,0,26.5,0.021,17.6,0,1.66
12035,Soft-ripened washed-rind cheese. reduced fat. around 13% fat,198,21.6,traces,12.6,,8.08,0,1.63
12036,Maroilles cheese. from cow's milk,325,21.9,traces,26.4,,18.1,0,2.09
12037,Livarot cheese. from cow's milk,301,24.6,traces,22.6,,15.3,0,1.5
12038,Époisses cheese. from cow's milk,290,17.8,traces,24.5,,17.1,traces,1.76
12039,Munster cheese. from cow's milk,344,21.2,traces,29,0,18.8,0,1.78
12040,Langres cheese. from cow's milk,281,16.7,traces,23.8,,16.9,traces,0.99
12042,Pont l'Evêque cheese. from cow's milk,326,22.7,traces,26.2,,18.2,0,1.3
12045,Reblochon cheese. from cow's milk,326,20.4,traces,27.4,0,18.8,0,1.27
12047,Soft-ripened washed-rind cheese. from pasteurised milk (Vieux pané-type cheese),311,20.3,traces,25.7,traces,17.4,0,1.57
12049,Saint-Marcellin cheese. from cow's milk,280,15.1,traces,24.3,,18.1,0,1.08
12050,Soft -ripened washed. bloomy and coloured rind cheese,332,18.2,traces,29,0,18.5,0,
12051,Vacherin cheese or Mont d'or cheese. from cow's milk,302,18.9,traces,25.4,traces,16.3,0,1.38
12052,Saint-Felicien cheese. from cow's milk,281,13.4,traces,25.2,0,18,0,1.28
12064,Boulette d'Avesnes cheese,355,20.9,traces,30,traces,19.8,0,1.99
12801,Cheese. from goat's milk. from raw milk,324,20.7,traces,27,,18.7,0,1.28
12802,Cheese. from goat's milk. from pasteurised milk,300,19.8,traces,24.7,0,16.9,0,1.23
12803,Cheese. from goat's milk,315,20.4,traces,26.2,0,18,0,1.69
12807,Goat cheese from raw milk,294,19.6,traces,24.2,,18.7,0,1.41
12810,Cheese. semi-dry. from goat's milk,353,21.6,traces,29.8,0,20.6,0,1.81
12812,Cheese. buche. from goat's milk,285,18.8,traces,23.3,traces,16.2,0,1.58
12813,Cheese. buche. from goat's milk. light,179,22.6,traces,10,0,6.8,0,1.24
12814,Soft-ripened cheese. from goat's milk. from pasteurised milk,279,19.3,traces,22.6,0,17.4,0,1.56
12815,Cheese. dry. from goat's milk,440,30.5,traces,35.6,,24.6,0,1.06
12820,Soft-ripened cheese with bloomy rind. from goat's milk. Camembert-type cheese,292,19.9,traces,23.8,,16,0,1
12824,Soft ripened cheese with bloomy rind. from ewe's milk. Camembert-type cheese,276,16.8,traces,23.3,,16.2,0,1.69
12830,Chabichou cheese. from goat's milk,294,20.5,traces,23.8,,17.1,0,1.85
12831,Pélardon cheese. from goat's milk,343,23.8,traces,27.8,0,18.6,0,1.43
12832,Crottin cheese. from goat's milk. from raw milk,384,23.2,traces,32.6,,24.1,0,1.01
12833,Crottin cheese. from goat's milk,340,22.4,traces,28,,19.6,0,1.17
12834,Crottin de Chavignol cheese. from goat's milk,296,19.7,traces,24.4,,16.2,0,1.3
12836,Picodon cheese. from goat's milk,315,20.7,traces,26,,19.2,0,1.25
12839,Pouligny Saint-Pierre cheese. from goat's milk,294,18.9,traces,24.5,,16.8,0,1.08
12842,Sainte Maure cheese. from goat's milk,357,22.1,traces,30,,18.4,0,1.81
12845,Selles-sur-Cher cheese. from goat's milk,291,19.2,traces,23.9,,18,0,1.4
12846,Chevrot cheese. from goat's milk,277,18.5,traces,22.8,,15.5,0,1.12
12847,Rocamadour cheese. from goat's milk,274,17.9,traces,22.6,,17.1,0,1.09
12848,Valençay cheese. from goat's milk,306,19.3,traces,25.5,,18,0,1.32
12500,Roquefort cheese. from ewe's milk,384,19.5,traces,33.9,traces,24.9,0,3.22
12519,Fourme de Montbrison cheese,365,22.5,traces,30.8,0,20.5,0,1.63
12520,Blue cheese. from cow's milk,333,19.9,traces,28.3,,17.7,0,2.89
12521,Auvergne blue cheese. from cow's milk,343,22.4,traces,28.4,0,19,0,2.85
12522,Fourme d'Ambert cheese. from cow's milk,326,19.9,traces,27.6,0,18,0,2.2
12523,Causses blue cheese. from cow's milk,350,20.4,traces,30,0,19,0,3.3
12524,Gorgonzola cheese. from cow's milk,312,19,traces,26.4,,16.9,0,1.77
12526,Gex blue cheese. or Jura blue cheese or Septmoncel blue cheese. from cow's milk,364,22.5,traces,30.7,traces,20.2,0,1.44
12527,Bresse blue cheese. from cow's milk,342,17.4,traces,30.5,0,19.4,0,1.58
12528,Bresse blue cheese. from cow's milk. reduced fat. around 15% fat,246,27.1,traces,15.5,0,,0,2.05
12100,Hard cheese (average),390,28,0,30.8,0.0086,20.1,0,0.8
12105,Beaufort cheese. from cow's milk,410,26.5,traces,34,0,19.2,0,1.27
12110,Comté cheese. from cow's milk,418,27.2,traces,34.6,traces,22.5,0,0.8
12112,Abondance cheese. from cow's milk,393,27.1,traces,31.6,,20.1,0,1.73
12113,Gruyere cheese. France. Protected Geographical Indication. from cow's milk,396,27.3,traces,32,0,20.1,0,0.95
12114,Gruyere cheese. from cow's milk,423,28.4,traces,34.6,0,19.8,0,0.8
12115,Emmental cheese. from cow's milk,373,27.9,traces,28.8,traces,19.7,0,0.61
12116,Hard cheese. emmental-type cheese. reduced fat,282,30.6,traces,18,0,8.5,0,1
12118,Emmental cheese. grated. from cow's milk,367,28.1,traces,28.6,,18.1,0,0.75
12119,Ossau-Iraty cheese. from ewe's milk,428,24.2,traces,37,0,24.4,0,1.68
12120,Parmesan cheese. from cow's milk,406,31.1,traces,31,traces,20.6,0,1.57
12121,Fontina cheese. from cow's milk,381,25.6,traces,31.1,0,19.2,0,2
12122,Pecorino cheese. from ewe's milk,,,traces,28.8,0,18.3,0,4.73
12123,Grana Padano cheese. from cow's milk,396,34.1,traces,29.2,,19.5,0,1.56
12705,Firm cheese. around 14% fat. Maasdam-type cheese. reduced fat,238,29,traces,13.8,0,8.9,0,2.06
12716,Provolone cheese. from cow's milk,340,25.6,traces,26.6,0,17.1,0,2.19
12720,Firm cheese in wax casing,303,21.7,traces,23.7,traces,16.3,0,1.7
12722,Cantal cheese. half matured. from cow's milk,383,26.6,traces,30.5,traces,19.9,0,1.85
12723,Cantal. Salers or Laguiole cheese. from cow's milk,378,25.3,traces,31,,24.2,0,2.15
12725,Salers cheese. from cow's milk,388,25.9,traces,31.4,,20,0,2.19
12726,Cheddar cheese. from cow's milk,399,24,traces,33.8,0,19.5,0,1.61
12729,Edam cheese. from cow's milk,329,25.5,traces,25.5,,16.9,0,2.22
12735,Mimolette cheese. young. from cow's milk,331,28.9,traces,24.2,0,17.4,0,
12736,Gouda cheese. from cow's milk,374,23.2,traces,31.5,,20.3,0,2
12737,Mimolette cheese. half-old. from cow's milk,365,31.5,traces,26.9,0,18.1,0,
12738,Mimolette cheese. old. from cow's milk,397,34,traces,28.8,,19,0,3.68
12740,Mimolette cheese. from cow's milk,308,24.9,traces,23.4,,16.8,0,2.84
12741,Firm cheese. around 27% fat. Maasdam-type cheese,359,25.5,traces,28.4,traces,19.5,0,1.29
12742,Mimolette cheese. extra old. from cow's milk,387,33.9,traces,28.2,0,19.3,0,
12743,Morbier cheese. from cow's milk,355,22.8,traces,29.2,traces,19.2,0,1.41
12747,Pyrénées cheese. from ewe's milk,397,24.1,traces,33.6,0,20.7,0,1.62
12748,Saint-Nectaire cheese. from cow's milk. milks collected in many farms,332,22.8,traces,27,,17.8,0,1.7
12749,Raclette cheese. from cow's milk,342,23.4,traces,27.5,traces,18.5,0,1.69
12751,Saint-Nectaire cheese. from cow's milk. milk collected in an unique farm,355,22.3,traces,29.8,,19.8,0,1.08
12752,Saint-Nectaire cheese. from cow's milk,344,22.5,traces,28.4,,18.8,0,1.41
12755,Saint-Paulin cheese. from cow's milk (semi-hard cheese),327,22.3,traces,26.4,traces,17.9,0,1.61
12758,Tomme cheese. from cow's milk,350,21.6,traces,29.4,traces,19.4,0,1.28
12759,Tomme cheese. from mountain or Savoy,364,25.6,traces,29.1,,19.8,0,1.23
12760,Tomme cheese. reduced fat. around 13% fat,231,31,traces,12.1,0,8.44,0,1.84
12761,Asiago cheese. from cow's milk,356,32.1,traces,25.6,0,15.9,0,1.9
12762,Corsica soft ripened cheese. from ewe's milk,457,28.5,traces,38.4,0,25.7,0,2.39
12763,Tomme cheese (PDO) from the French Bauges munntains,381,26.6,traces,30.8,0,19,0,1.15
12827,Semi-hard cheese. from ewe's milk,384,23.9,traces,32.3,0,21.3,0,1.85
12828,Cheese. from ewe's whey,190,10.1,4.3,14.8,,,0,0.63
12300,Processed cheese. in slices,246,14.1,5.34,18.5,4.95,12.3,0,2.46
12305,Processed cheese. around 8% fat. in wedges or cubes,,11.5,,7.48,,4.6,,0.74
12310,Processed cheese. around 20% fat. in wedges or cubes,242,10.7,6.38,19.3,traces,12.9,0,1.59
12320,Processed cheese. double cream. around 31% fat,311,9.06,1.78,29.6,1.78,20.1,0,1.37
12325,Cancoillotte (processed cheese). from cow's milk,151,13.8,0.5,10.5,traces,7.06,0,1.73
12355,Processed cheese with fresh cream cheese and walnuts,,10.7,4.2,31.6,2.67,16.8,,1.66
12356,Processed cheese snack w breadsticks. for children,,10.8,24.1,18.9,3.1,11.3,1.2,1.36
12060,Feta-type cheese from cow's milk,270,16.4,1.42,21.7,1.42,14.6,0,1.94
12061,Feta or Feta-type cheese. 100% from ewe's milk,,14.8,2.5,22.8,1.13,14.3,0,2.59
12063,Feta-type cheese from cow's milk. in oil and spices,283,17.6,0.16,23.4,,13.2,0,2.52
12066,Feta cheese. PDO,285,15.1,0.65,24.3,traces,16.8,0,2.27
12315,Uncured soft cheese. spreadable. around 25% fat. in a tub,255,5.36,4.24,23.9,2.82,16.4,0,1.1
12340,Uncured soft cheese. spreadable. around 20% fat. in a tub,,7.65,1.4,21.2,1.4,11.4,0,1.24
12800,Cheese. from goat's milk. fresh. from pasteurised milk,,16.1,2.08,20,2.08,13.4,0,0.97
12804,Cheese. from goat's milk. fresh. from raw milk,,13.1,2.03,16.9,2.03,11.7,0,0.77
12805,Cheese. from goat's milk. fresh,,14.6,2.05,18.4,2.05,12.5,0,1.55
12819,Cheese. from goat's milk. spreadable. plain,,10.8,2.41,12.2,2.41,8.08,0,0.92
19530,Uncured soft cheese. spreadable. around 30-40% fat. flavoured (ex : garlic and herbs),366,7.66,4.24,35.3,1.86,23.9,0,1.2
19584,Mascarpone cheese. from cow's milk,,4.38,4,39,4,25.7,0,0.081
19585,Ricotta cheese,,8.79,4,11.9,2.25,8.08,0,0.3
19590,Mozzarella cheese. from cow's milk,227,16.5,0.75,17.7,0.7,11.7,0,0.6
19591,Mozzarella cheese. from buffala's milk,260,14.5,0.24,22.3,traces,15,0,0.49
1027,Plant-based spread-cheese type. with soybean. prepacked,175,11.7,1.05,13.1,traces,1.87,,1.15
1028,Plant-based cheese. with cashew. prepacked,441,14.5,15.2,35.3,0.28,5.78,2.6,0.88
1029,Plant-based cheese. without soybean. prepacked,272,,21.2,20.1,0.25,17.4,2.3,1.88
19402,Cream. fat content unknown (average),269,2.88,2.87,26,2.77,17.8,1.39,0.08
19410,Thick cream 30% fat. refrigerated,304,3,2.8,30.7,2.66,20.8,,0.07
19411,Cream. Isigny,,2.33,3,40,2.05,28.9,0,0.076
19415,Liquid cream 30% fat. UHT,297,2.49,1.94,30.7,1.94,21.4,,0.073
19420,Whipped cream or Chantilly cream. under pressure. UHT,308,2.11,10.6,28.2,10.4,18.9,,0.065
19430,Liquid cream. light. 15-20% fat. UHT,194,2.62,2.89,18.7,2.89,12.7,,0.083
19431,Thick cream. light. 15-20% fat. refrigerated,166,2.81,3,15.3,3,10.4,,0.085
19433,cream. light. 4 to 8% fat. liquid or thick,76.2,3.25,5.28,4.3,4.44,2.88,,0.11
19436,Cream. 15-20% fat. fluid. refrigerated,,2.96,4.3,13.5,4.2,9.4,0,0.15
18008,Water. bottled (average),0,0,0,0,0,,0,
18009,Water. bottled. low mineral (average),0,0,0,0,0,0,0,0.0019
18044,Water. mineral. bottled (average),0,0,0,0,0,0,0,0.0042
18045,Water. mineral. non-carbonated. bottled (average),0,0,0,0,0,0,0,0.0019
18046,Water. mineral. carbonated. bottled (average),0,0,0,0,0,0,0,0.011
18066,Water. municipal,0,0,0,0,0,0,0,0.0076
18430,Water. bottled,0,0,0,0,0,,0,
76000,Mineral still water (Abatilles). bottled. lightly mineralized,0,0,0,0,0,,0,0.023
76001,Mineral still water (Aix-les-Bains). bottled. lightly mineralized,0,0,0,0,0,0,0,0.00035
76002,Mineral sparkling water (Aziac). bottled. lightly mineralized,0,0,0,0,0,0,0,0.00033
76004,Mineral still water (Amanda). bottled. strongly mineralized,0,0,0,0,0,0,0,0.01
76006,Mineral sparkling water (Arcens). bottled. averagely mineralized,0,0,0,0,0,0,0,0.004
76007,Mineral sparkling water (Ardesy). bottled. strongly mineralized,0,0,0,0,0,0,0,0.064
76010,Mineral still water (Celtic). bottled. very lightly mineralized,0,0,0,0,0,0,0,0.00028
76011,Mineral still water (Chambon). bottled. lightly mineralized,0,0,0,0,0,0,0,0.0027
76012,Mineral still water (Chantemerle). bottled. lightly mineralized,0,0,0,0,0,0,0,0.00028
76013,Mineral sparkling water (Chateauneuf). bottled. strongly mineralized,0,0,0,0,0,0,0,0.038
76014,Mineral sparkling water (Chateldon). bottled. strongly mineralized,0,0,0,0,0,0,0,0.0012
76015,Mineral still water (Clos de l'Abbaye). bottled. averagely mineralized,0,0,0,0,0,0,0,0.006
76016,Mineral still water (Contrex). bottled. strongly mineralized,0,0,0,0,0,0,0,0.0013
76017,Mineral still water (Dax). bottled. averagely mineralized,0,0,0,0,0,0,0,0.031
76018,Mineral sparkling water (Didier). bottled. strongly mineralized,0,0,0,0,0,0,0,0.032
76019,Mineral still water (Didier). bottled. strongly mineralized,0,0,0,0,0,0,0,0.0041
76020,Mineral still water (Evian). bottled. lightly mineralized,0,0,0,0,0,0,0,0.0011
76022,Mineral still water (Hépar). bottled. strongly mineralized,0,0,0,0,0,0,0,0.0031
76023,Mineral sparkling water (Hydroxydase). bottled. strongly mineralized,0,0,0,0,0,0,0,0.058
76024,Mineral sparkling water (Vernière). bottled. averagely mineralized,0,0,0,0,0,0,0,0.0023
76025,Mineral still water (Luchon). bottled. lightly mineralized,0,0,0,0,0,0,0,0.0002
76027,Mineral water (Mont-Roucous. bottled. very lightly mineralized,0,0,0,0,0,0,0,0.0005
76028,Spring water (Ogeu). bottled. lightly mineralized,0,0,0,0,0,0,0,
76029,Mineral still water (Orée du bois). bottled. averagely mineralized,0,0,0,0,0,0,0,0.01
76030,Mineral sparkling water (Orezza). bottled. averagely mineralized,0,0,0,0,0,0,0,0.0017
76031,Mineral sparkling water (Parot). bottled. averagely mineralized,0,0,0,0,0,0,0,0.016
76032,Mineral still water (Plancoet). bottled. lightly mineralized,0,0,0,0,0,0,0,0.0059
76033,Mineral still water (Propiac). bottled. strongly mineralized,0,0,0,0,0,0,0,0.17
76034,Mineral sparkling water (Puits St Georges). bottled. averagely mineralized,0,0,0,0,0,0,0,0.0063
76035,Mineral sparkling water (Quézac). bottled. averagely mineralized,0,0,0,0,0,0,0,0.003
76036,Mineral sparkling water (Reine des basaltes). bottled. averagely mineralized,0,0,0,0,0,0,0,0.0019
76037,Mineral sparkling water (Rozana). bottled. strongly mineralized,0,0,0,0,0,0,0,0.11
76038,Mineral still water (Sail-les-Bains). bottled. lightly mineralized,0,0,0,0,0,0,0,0.0057
76039,Mineral sparkling water (Salvetat). bottled. averagely mineralized,0,0,0,0,0,0,0,0.00086
76043,Mineral still water (St-Amand). bottled. averagely mineralized,0,0,0,0,0,0,0,0.0061
76044,Mineral still water (St-Antonin). bottled. strongly mineralized,0,0,0,0,0,0,0,0.0015
76046,Mineral sparkling water (St-Diéry). bottled. strongly mineralized,0,0,0,0,0,0,0,0.019
76047,Mineral sparkling water (Ste-Marguerite). bottled. averagely mineralized,0,0,0,0,0,0,0,0.038
76049,Mineral sparkling water (St-Yorre). bottled. strongly mineralized,0,0,0,0,0,0,0,0.053
76050,Mineral still water (Thonon). bottled. lightly mineralized,0,0,0,0,0,0,0,0.0014
76053,Mineral sparkling water (Ventadour). bottled. lightly mineralized,0,0,0,0,0,0,0,0.00033
76054,Mineral sparkling water (Vernet). bottled. lightly mineralized,0,0,0,0,0,0,0,0.00086
76055,Mineral sparkling water (Vichy Célestins). bottled. strongly mineralized,0,0,0,0,0,0,0,0.039
76056,Mineral still water (Vittel). bottled. averagely mineralized,0,0,0,0,0,0,0,0.0013
76057,Mineral still water (Volvic). bottled. lightly mineralized,0,0,0,0,0,0,0,0.0025
76058,Mineral sparkling water (Volvic active). bottled. lightly mineralized,0,0,0,0,0,0,0,0.0019
76059,Mineral still water (Wattwiller). bottled. lightly mineralized,0,0,0,0,0,0,0,0.00075
76060,Mineral sparkling water (Perrier). bottled. lightly mineralized,0,0,0,0,0,0,0,0.0024
76061,Mineral sparkling water (Badoit). bottled. averagely mineralized,0,0,0,0,0,0,0,0.0089
76062,Mineral still water (Avra). bottled. lightly mineralized,0,0,0,0,0,0,0,0.0013
76063,Mineral still water (Beckerich). bottled. lightly mineralized,0,0,0,0,0,0,0,0.00075
76065,Mineral still water (Chaudfontaine). bottled. lightly mineralized,0,0,0,0,0,0,0,0.0058
76066,Mineral still water (Christinen Brunnen). bottled. averagely mineralized,0,0,0,0,0,0,0,0.047
76067,Mineral still water (Courmayer). bottled. strongly mineralized,0,0,0,0,0,0,0,0.00025
76069,Mineral still water (Levissima). bottled. lightly mineralized,0,0,0,0,0,0,0,0.00005
76070,Mineral still water (Luso). bottled. very lightly mineralized,0,0,0,0,0,0,0,0.0015
76071,Mineral still water (Néro). bottled. lightly mineralized,0,0,0,0,0,0,0,0.01
76072,Mineral still water (Penacova). bottled. very lightly mineralized,0,0,0,0,0,0,0,0.0015
76074,Mineral water (San Bernardo). bottled. very lightly mineralized,0,0,0,0,0,0,0,0.000083
76075,Mineral sparkling water (San Pellegrino). bottled. averagely mineralized,0,0,0,0,0,0,0,0.011
76076,Mineral still water (Spa-Reine). bottled. averagely mineralized,0,0,0,0,0,0,0,0.00075
76078,Mineral still water (Valvert). bottled. lightly mineralized,0,0,0,0,0,0,0,0.00049
76079,Mineral still water (Appollinaris). bottled. strongly mineralized,0,0,0,0,0,0,0,0.017
76080,Spring still water (Cristaline). bottled,0,0,0,0,0,,0,0.0026
76081,Mineral still water (Biovive). bottled. lightly mineralized,0,0,0,0,0,,0,0.0028
76082,Mineral still water (La Cairolle). bottled. strongly mineralized,0,0,0,0,0,,0,0.0021
76083,Mineral sparkling water (Cilaos). bottled. strongly mineralized,0,0,0,0,0,,0,0.0005
76085,Mineral still water (La Française). bottled. strongly mineralized,0,0,0,0,0,,0,0.16
76086,Mineral still water (Montcalm). bottled. very lightly mineralized,0,0,0,0,0,,0,0.000099
76087,Mineral still water (Montclar). bottled. lightly mineralized,0,0,0,0,0,,0,0.0005
76088,Mineral sparkling water (Nessel). bottled. averagely mineralized,0,0,0,0,0,,0,0.0068
76089,Mineral sparkling water (Ogeu). bottled. lightly mineralized,0,0,0,0,0,,0,0.0078
76090,Mineral still water (Ogeu). bottled. lightly mineralized,0,0,0,0,0,,0,0.0038
76091,Mineral still water (Prince Noir). bottled. strongly mineralized,0,0,0,0,0,,0,0.0015
76092,Mineral sparkling water (St-Alban). bottled. averagely mineralized,0,0,0,0,0,0,0,0.0033
76093,Mineral sparkling water (St-Géron). bottled. averagely mineralized,0,0,0,0,0,,0,0.0073
76094,Mineral sparkling water (St-Michel-de-Mourcairol). bottled. averagely mineralized,0,0,0,0,0,,0,0.0036
76095,Mineral still water (Treignac). bottled. very lightly mineralized,0,0,0,0,0,,0,0.00053
76096,Mineral sparkling water (Vals). bottled. averagely mineralized,0,0,0,0,0,0,0,0.0041
76097,Mineral still water (Vauban). bottled. averagely mineralized,0,0,0,0,0,,0,0.0096
76100,Water. mineral. carbonated ou non-carbonated. CAROLA,0,0,0,0,0,,0,
76101,Water. mineral. non-carbonated. MONT-BLANC,0,0,0,0,0,,0,
76102,Water. mineral. non-carbonated. EDEN,0,0,0,0,0,,0,
2000,Pineapple juice. reconstituted from a concentrate,52.3,0.41,11.9,0.096,11.9,0.044,0.18,0.011
2002,Mixed fruits juice. pure juice. multivitamin,,0.48,11.3,0.1,11,0,0.25,0.0038
2004,Fruit juice (average),47,0.52,9.58,0.14,9.24,0.041,0.29,0.012
2006,Carrot juice. pure juice,,0.4,6.55,0.1,5.95,0.037,0.33,0.1
2007,Lemon juice. home-made,,0.49,2.41,0.24,2.06,0.04,0.3,0.0065
2011,Mixed fruits juice. orange based. multivitamin,,,11.7,,11.1,,,0.008
2012,Orange juice. reconstituted from a concentrate,45.6,0.63,9.59,0.13,9.59,0.034,0.25,0.0084
2013,Orange juice. home-made,,0.7,9.4,0.2,8.4,0.024,0.2,0.0025
2014,Apple juice. reconstituted from a concentrate,48.5,0.24,11.3,0.098,10.8,0.033,0.3,0.014
2015,Grapefruit juice. reconstituted from a concentrate,40.9,0.52,8.41,0.1,8.41,0.055,0.21,0.01
2016,Grape juice. pure juice,69.2,0.25,16.3,0.057,16,0.031,0.14,0.0089
2017,Pomegranate juice. pure juice,,0.15,13,0.29,12.7,0.077,0.1,0.023
2018,Prune juice,,0.37,18.7,0.039,13.5,0.003,0.45,0.025
2019,Grape juice. reconstituted from a concentrate,68.8,0.31,16,0.11,16,0.055,0.15,0.0074
2023,Mango juice. fresh,,0.19,9.5,0,9.3,traces,traces,0.028
2024,Passion fruit juice. fresh,,0.67,14.3,0.18,14.3,0.015,0.2,0.015
2025,Grapefruit juice. home-made,,0.5,9.1,0.1,9.1,0.014,0.1,0.0025
2026,Tomato juice. pure juice. 3 g salt/L,23.2,0.88,4.13,0.17,4.13,traces,0.23,0.3
2027,Grapefruit juice. pure juice,42.5,0.49,8.89,0.083,8.89,0.044,0.15,0.008
2028,Lemon juice. pure juice,,0.4,6.1,0.29,2.4,0.038,0.4,0.053
2030,Lime juice. home-made,,0.42,1.69,0.07,1.69,0.008,0.4,0.005
2031,Lime juice. pure juice,,0.25,1.24,0.23,1.24,0.026,0.45,0.026
2032,Tomato juice. pure juice. salted : 6g/L,20.1,0.88,3.31,0.11,3.3,0.07,0.56,0.6
2033,Fruit juice. mixed. juice and fruit puree,,0.46,11.5,0.11,11.3,0.026,0.21,0.01
2034,Mandarin or clementine juice. pure juice,,0.66,10.6,0.14,10,0.043,0.15,0.0094
2035,Mixed fruits juice. pure juice,48.9,,11.2,,10.1,,,0.0023
2036,Fruit juice. mixed - grapes base. standard,,0.5,13,0,13,0,0.3,0.0025
2038,Fruit juice. mixed - orange base. standard,,0.7,10.4,0.16,10.1,0.05,0.44,0.069
2039,Pomegranate juice. fresh,,0.2,11.6,0,11.6,0,traces,0.0025
2048,Fruit juice. mixed - apple base. standard,,0.33,12.2,,10.1,,,0
2050,Fruit juice. mixed - apple base. vitamins added,,0.33,11,,10.2,,,
2052,Fruit and vegetable juice. pure juice,,0.85,9.5,traces,8.6,traces,0.7,traces
2053,Tomato juice. pure juice (average),21.7,0.88,3.72,0.14,3.72,0.035,0.4,0.45
2069,Mixed fruits juice. reconstituted from a concentrate. standard,,0.52,11.2,0.15,10.8,0.021,0.62,0.02
2070,Orange juice. pure juice,45.4,0.61,9.61,0.11,9.61,0.053,0.28,0.012
2071,Mixed fruits juice. reconstituted from a concentrate. multivitamin,,0.29,10.8,0.091,10.3,0.051,0.27,0.019
2072,Fruit juice. pure juice (average),46.9,0.51,9.32,0.14,8.94,0.044,0.27,0.012
2073,Pineapple juice. pure juice,52.9,0.41,12.1,0.074,12.1,0.031,0.22,0.013
2074,Apple juice. pure juice,48.9,0.17,11.4,0.14,10.9,0.046,0.23,0.022
2075,Vegetable juice (average),21.7,0.72,4.66,0.13,4.46,0.036,0.37,0.33
2077,Fruit juice. from concentrate (average),47.1,0.54,10.5,0.13,10.3,0.031,0.35,0.012
2377,Blood orange juice. pure juice,,0.63,10.2,0.1,9.75,0.043,0.68,0.01
2500,Smoothie,,0.62,12.4,0.26,11.7,0.17,1.08,0.01
2009,Fruit nectar - apple base. standard,,0.28,10,,10,,traces,
2010,Fruit nectar - apple base. vitamins added,,,9.1,,9.1,,traces,
2043,Apricot nectar,,0.21,13.7,0.03,11,0.005,0.08,0.0042
2045,Papaya nectar,,0.17,13.9,0.15,13.9,0.047,0.6,0.013
2054,Pear nectar,,0.19,14.8,0.043,11.4,0.001,0.45,0.0033
2060,Mixed fruits nectar. multivitamin,,0.24,11.3,0.1,10.9,0.0067,0.15,0.016
2061,Mixed fruits nectar,49.7,0.3,11.5,0.089,11,0.013,0.3,0.009
2062,Fruit nectar - orange base. vitamins added,,0.4,11.1,,10.3,,,
2063,Fruit nectar - orange base. standard,,0.3,12.2,0.12,10.8,0.1,0.5,0.025
2064,Fruit nectar. sweetened. reduced sugar,,0.18,5.47,0.037,5.25,0.0067,0.11,0.0087
2076,Apple nectar,,0.14,10.9,0.075,10.6,0.05,0.1,0.01
2365,Passion fruit nectar,,0.3,15.2,0.1,13,0,traces,0.025
2366,Banana nectar,,0.23,13.6,0.048,12.6,0.03,0.51,0.0046
2367,Guava nectar,,0.14,11.3,0.16,9.97,0.005,0.14,0.0051
2370,Mango nectar,,0.2,12.3,0.083,11.6,0.058,0.15,0.011
2371,Peach nectar,,0.22,12.1,0.05,11.9,0.002,0.33,0.011
2374,Pineapple nectar,,0.1,13,0,11.2,0,0,0
2375,Orange nectar,,0.29,8.79,0.08,8.79,0.005,0.18,0.018
18001,Soft drink. carbonated. without fruit juice. without sugar and with artificial sweetener(s),,0.05,0.16,traces,0.16,0,0,0.031
18010,Lemonade. with sugar,,0.04,8.45,0.02,8.45,0,traces,0.015
18011,Coconut water,15.2,,3.33,,2.48,,,0.051
18012,Bottled water. flavoured. w sugar,,0.086,3.48,0.086,3.48,traces,0.044,0.012
18013,Tonic drink. without sugar. with artificial sweetener(s),,0.05,0.4,traces,0.4,0,0.1,0.13
18014,Tonic drink. with sugar and artificial sweetener(s),,0,6.45,0,6.45,0,0.1,0
18015,Still soft drink with tea extract. with sugar and artificial sweetener(s),,0,5.3,0,5.3,0,0,traces
18016,Lemonade. with sugar and artificial sweetener(s),,0,3,0,3,,0,
18018,Cola. with sugar,41.8,0.093,10.2,0.062,10.2,0,0,0.017
18019,Fruit soft drink. carbonated (10-50% of fruit juice). with sugar,46.6,0.067,11.3,0.028,9.92,traces,traces,0.033
18021,Fruit soft drink. still (less than 10% of fruit juice). without sugar and with artificial sweetener(s),,0.06,0.96,0.13,0.96,0,0.05,0.05
18023,Fruit soft drink. still (less than 10% of fruit juice). with sugar,,0.1,4.4,0.1,4.38,0,0.1,0.017
18024,Still beverage. fruit (10-50% fruit juice). w sugar and sweetener(s),,0,6.17,0,6.17,0,0,0.033
18025,Kombucha. prepacked,9.46,,1.45,,1.45,,,0.0053
18026,Soft drink. carbonated. without fruit juice. with sugar,37.1,0.14,8.67,0.078,8.67,0,0,0.091
18028,Bottled water. flavoured. without sugar and artificial sweeteners,,0.06,0.14,0,0,0,0,0.019
18029,Non-alcoholic beverage (average),,0.11,7.42,0.042,7.26,0.0074,0.025,0.028
18030,Bottled water. flavoured. without sugar and with artificial sweeteners,,0.086,0.28,0.086,traces,traces,0.067,0.012
18033,Fruit soft drink. carbonated (less than 10% of fruit juice). with sugar and artificial sweetener(s),,traces,7,traces,7,traces,0,0.0075
18034,Carbonated beverage. fruit (10-50% fruit juice). w sugar and artificial sweetener(s),,0.067,3.83,0,3.64,0,0,0.058
18035,Lemonade. without sugar. with artificial sweetener(s),,0.067,0.1,0,0.082,0,0,0.022
18037,Cola. with sugar and artificial sweetener(s),,0.0093,6.65,0.0033,6.65,traces,0.0033,0.011
18039,Lemonade with a flavoured syrup,,0.075,10.6,traces,10.6,traces,0.069,0.021
18048,Fruit soft drink. carbonated (fruit juice content unknown). with sugar,46.6,0.068,11.2,0.03,9.91,0,0.00043,0.032
18049,Fruit soft drink. carbonated (less than 10% of fruit juice). with sugar,,0.081,9.97,0.051,9.74,traces,0.005,0.025
18051,Fruit soft drink. carbonated (10-50% of fruit juice). without sugar and with artificial sweetener(s),,0.073,1.39,0.014,1.26,0,traces,0.017
18057,Preparation for beverage diluted in water. without sugar. sweetened. type syrup 0%,,,2.42,0,0.83,,0,0.074
18058,Syrup (mint. strawberries flavouredetc.). with sugar diluted in water,,0.055,7.7,0,7.7,0,0,0.012
18060,Cola. without sugar and with artificial sweetener(s),1.3,0.081,0.11,0.053,0.11,0,0.003,0.024
18062,Still soft drink with tea extract. sugar and sweetener(s) content (average),27.3,0.028,6.11,0.0092,5.9,0,0,0.061
18063,Cola. sugar and sweetener(s) content (average),30.7,0.089,7.45,0.059,7.41,0,0.00084,0.019
18064,Still soft drink with tea extract. flavoured. reduced sugar,,0,,0,,,0,
18065,Still soft drink with tea extract. flavoured. without sugar and with artificial sweeteners,,0.014,0.34,0,0.32,0,0,0.099
18067,Cola. with sugar and without caffeine,43.8,traces,11,traces,11,0,0,0.025
18068,Cola. without sugar. with artificial sweetener(s) and with caffeine,0.87,0,0.2,0,0.2,0,0,0.018
18075,Still soft drink with tea extract. flavoured. with sugar,27.3,0.033,6.76,,6.52,0,0,0.058
18078,Soft drink. carbonated. without fruit juice. with sugar and artificial sweetener(s),,0,6.8,0,6.8,0,0,0
18304,Fruit soft drink. still (10-50% of fruit juice). reduced sugar,,0.014,5.16,0.01,5.06,0,0,0.019
18309,Fruit soft drink. still (fruit juice content unspecified). with sugar,,0.1,11.2,0.07,10.6,0,0,0.0018
18339,Fruit soft drink. still (10-50% of fruit juice). with sugar,,0.13,10.1,0.06,9.76,traces,0.041,0.067
18340,Fruit soft drink. carbonated (less than 10% of fruit juice). without sugar and with artificial sweetener(s),,0.063,0.45,0.13,0.43,0,traces,0.022
18341,Carbonated beverage. apple (50-99% juice). no sugar added,,0,7.5,0,6.5,0,0,0.00025
18344,Tonic drink. with sugar,,0.068,8.28,0.066,7.38,0,0.05,0.014
18345,Fruit soft drink. carbonated (less than 10% of fruit juice). without sugar and artificial sweetener(s),,0,4.17,0,4,0,0,0.002
18352,Energy drink. with sugar,,0.2,11.9,0,11.7,0,0.1,0.11
18353,Energy drink. without sugar and with artificial sweetener(s),,0.073,0.95,0.1,0.45,0,0,0.17
18343,Fruit juice with milk,47.5,0.56,9.63,0.3,9.63,0.2,,0.03
19120,Flavoured milk. with sugar. partially skimmed. fortified with vitamins and chemicals elements,,2.93,12.1,1.08,11.5,0.68,0.045,0.098
19122,Chocolate flavoured milk. with sugar. partially skimmed. fortified with vitamins and chemicals elements,63.8,2.75,10.8,0.99,9.45,0.7,,0.095
19127,Strawberry flavoured milk. with sugar. partially skimmed. fortified with vitamins D,52.6,2.17,10,0.45,10,0.3,0,0.14
18041,Coconut milk or coconut cream,188,1.77,3.4,18.4,2.1,16.5,0.57,0.075
18107,Almond drink not sweet. not fortified. prepacked,36.3,1.06,0.68,3.2,traces,0.31,,0.051
18110,Almond-based drink. sweet. fortified with calcium. prepacked,44.4,0.69,3.96,2.8,3.44,0.58,,0.095
18305,Fruit soft drink. still (10-50% of fruit juice). without sugar and with artificial sweetener(s),,0.1,1.4,0.1,1.3,0,0.1,0.033
18900,Soy drink. plain. prepacked,37.1,3.31,0.7,2.07,,0.26,0.6,0.061
18901,Soy drink. plain. fortified with calcium. prepacked,44.2,3.42,2.18,2.05,2.18,0.26,1,0.097
18902,Soy drink. sweet. flavoured. with sugar. prepacked,60.5,2.96,7.24,1.92,6.72,0.3,0.6,0.12
18903,Soy drink. sweet. flavoured. enriched in calcium. prepacked,42.8,3.01,2.89,1.8,2.7,0.28,1.1,0.12
18904,Rice-based drink. plain. prepacked,53.7,,10.8,1,5.6,0.11,,0.074
18905,Oat-based drink. plain. prepacked,42.6,,7.8,1.1,5,0.2,,0.066
18906,Chestnut-based drink. plain. prepacked,68.9,,13.5,1.4,9.01,0.18,0.61,0.077
18907,Coconut-based drink. plain. prepacked,31.4,,2.75,2.1,2.46,1.87,,0.089
29209,Soy drink. w concentrated fruit juice. prepacked,56.2,2.3,9.5,1,5.8,,traces,0.22
18004,Not instant coffee. without sugar. ready-to-drink,6.88,,1.35,0.018,traces,0.002,,0.0067
18020,Tea. brewed. without sugar,0.063,0,0,0.007,0,0.002,0,0.0041
18022,Infusion. brewed. without sugar,0.87,0,0.2,0.008,0,0.002,0,0.0025
18070,Decaffeinated not instant coffee. without sugar. ready-to-drink,4.42,0.1,0.6,0.18,0,0.047,0,0.02
18071,Espresso coffee. not instant coffee. without sugar. ready-to-drink,7.64,,1.16,0.2,traces,0.092,,0.0071
18072,Decaffeinated instant coffee. without sugar. ready-to-drink,2.1,0.12,0.4,0.002,0,0.001,0,0.01
18073,Instant coffee. without sugar. ready-to-drink,1.64,0.1,0.3,0.004,0,0.002,0,0.01
18104,Instant cocoa or chocolate beverage. with sugar. ready-to-drink (reconstituted with standard semi-skimmed milk),69.3,3.78,9.5,1.42,,0.85,1.7,0.12
18106,Instant cocoa or chocolate beverage. with sugar. fortified with vitamins and chemical elements. ready-to-drink (reconstituted with standard semi-skimm,71.9,4.08,9.91,1.71,,0.99,,
18151,Coffee with milk or white coffee or cappuccino. instant coffee or not. without sugar. ready-to-drink,21.5,1.39,2.31,0.76,2.31,0.47,0,0.059
18153,Mix of chicory and coffee. instant. without sugar. ready-to-drink (reconstituted with standard semi-skimmed milk),53.7,3.74,5.9,1.62,5,1,0.46,0.13
18154,Black tea. brewed. without sugar,1.26,0,0.3,0.007,0,0.002,0,0.0075
18155,Green tea. brewed. without sugar,5.1,0,1.09,0,,,0,0.011
18156,Oolong tea. brewed. without sugar,0,0,0,0,,,0,
18161,Instant chicory. without sugar and artificial sweeteners. ready-to-drink (reconstituted with standard semi-skimmed milk),93.5,traces,7.1,7.1,,,0.59,0.13
18162,Mix of chicory and coffee. instant. without sugar. ready-to-drink (reconstituted with water),28.7,0.56,6.06,,0.43,,0.6,0.022
18003,Coffee. ground,397,14.4,40.2,15.4,,,19.8,0.19
18005,Coffee. powder. instant,296,19.4,42.6,1.1,0,0.2,19.1,0.098
18017,Syrup. with sugar (to be diluted),255,,62.6,,58.8,0,,0.017
18059,"Concentrate beverage (to be diluted). without sugar and with artificial sweeteners. ""syrup 0%"" type",21.7,,2.76,,0.66,,0.7,0.028
18069,Decaffeinated coffee. powder. instant,357,12.7,76,0.2,0,0.087,0,0.058
18076,Tea leaf,232,19.4,6.3,2,,,55.8,0.11
18100,Cocoa powder. without sugar. powder. instant,387,22.4,11.6,20.6,0.9,12.4,29.5,0.11
18101,Cocoa or chocolate powder. for beverages. with sugar,379,6.65,75.6,3.29,67.9,2.16,10.5,0.21
18102,Malted cocoa or chocolate powder for beverage. with sugar,,9.9,79.4,5.03,78.5,2.38,,0.55
18150,Mix of chicory and coffee. powder. instant,332,9.3,66.9,0.35,,0.12,12,0.72
18152,Chicory. powder. instant,323,3.3,57.2,2.5,21.7,0.75,29.2,0.39
18160,Coffee with milk or Cappuccino. powder. instant,416,12.2,70.1,8.8,52,7.47,3.3,0.79
18163,Coffee with milk or Cappuccino with chocolate. powder. instant,402,11.2,67.1,9.13,62.2,7.83,3.51,1.29
18167,Cocoa or chocolate powder. for beverages. with sugar. fortified with vitamins and chemical elements,376,4.68,79.3,3.04,76.7,1.44,6.48,0.43
18168,Cocoa or chocolate powder. for beverages. with sugar. fortified with vitamins,386,4.29,85,2.04,82.7,1.3,5.3,0.31
18220,Lemon or lime base. for beverage. without sugar (to be diluted),19.7,,1.31,0,0.91,0,0,0.0035
1006,Wine. white. sweet,,0.2,10.5,0,7.78,0,0,0.027
5100,Sparkling fruit wine,,0,6.95,0,6.95,0,0,0.0075
5201,Wine. white. sparkling,,0,1.7,0,1.4,0,0,0.0035
5207,Champagne,,0.3,2.81,0,1.4,0,0,0.0048
5209,Wine. white. sparkling. flavoured,,0.2,5.1,0,5.1,0,0,0.033
5210,Wine (average),,0.09,3.29,0,1.37,0,0,0.0067
5214,Wine. red,82.1,0.07,2.63,0,0.62,0,0,0.0025
5215,Wine. white. dry,,,4.04,0,0.17,0,0,0.0063
5216,Wine. rose,,0,1.6,0,,,0,0.01
5000,Beer. dark,,0.43,4.1,traces,4.1,traces,0,0.029
5001,Beer. regular (4-5° alcohol),,0.39,2.7,0,0.98,0,0,0.0047
5002,Beer. strong (>8° alcohol),,0.63,4.6,0,,0,0,0.017
5003,Cider (average),,0.069,3.22,0.083,2.82,0,0,0.01
5006,Cider. dry,,0,2.62,0,2.22,0,0,0.01
5007,Cider. sweet,37.5,,5.09,,4.61,0,0,0.0098
5008,Beer. low alcohol-content (3° alcohol),,0.31,4.62,,0.09,0,0,0.0048
5009,Wheat bier,34.6,,0.43,,0.18,,0,0.0073
5010,Beer. special (5-6° alcohol),,0.48,4.55,,4,0,0,0.0048
5011,"Beer. ""specialty"". from abbey or regional (varying alcohol content)",,0.63,3.2,0,,0,0,0.0093
5020,Cider,,0,1.87,0,1.58,0,0,0.013
5021,Cider. half-dry,48,,4.4,,3.7,,0,0.007
5022,Flavoured cider,35.4,,5.34,,4.96,,0,0.008
5030,,25.3,0.31,4.89,,2.55,0,0,0.0038
1000,Pastis (anise-flavoured spirit),274,0,2.86,0,0,0,0,0
1001,Clear fruit brandy or eau-de-vie,229,0,0.37,0,0,0,0,0.0025
1002,Gin,265,0,0,0,0,0,0,0.005
1003,Liqueur,328,0.1,39.6,0.3,35.3,0.083,0,0.018
1004,Rum,256,0,0,0,0,0,0,0.0025
1005,Whisky,252,0,0.096,0,0.096,0,0,0
1007,Wine-based aperitif,,0.054,11.3,0,11.1,0,0,0.038
1008,Vodka,242,0,0,0,0,0,0,0.0025
1010,Anis spirit. diluted (1+5),27.6,0,6.89,0,0,0,0,0.0063
1011,Wine or fortified wine-based aperitif,,0,1,0,0.03,0,1,0.038
1014,Pure alcohol,660,0,0,0,0,0,0,0
1015,Marsala wine,211,0.1,27.9,0,27.9,0,0,0.01
1016,Marsala w eggs,153,0,12.4,0,12.4,0,0,0
1021,Blackcurrant liqueur,245,0,41,0,40.9,0,0,0
1023,Spirit made from wine. armagnac or cognac type,228,0,1,0,0,,0,
1024,Calvados brandy,,0,0,0,0,0,0,0
1026,Sake or rice wine,133,0,5,0,0,0,0,0.005
1012,Rum-based cocktail,,0,22.5,2.19,22.3,1.64,0.3,0.015
1013,Whiskey-based cocktail,,0,15.9,0.02,15.8,0.003,0,0.12
1017,Sangria,,0,10.3,0.05,9.5,0,0,0.0075
1018,Kir (Cocktail of white wine with red fruit liqueur),,0.18,7.36,0,5.55,0,0,0.0039
1019,Champagne kir (Cocktail of champagne with red fruit liqueur),,0.25,7.97,0,5.66,0,0,0.0039
1022,Cocktail. punch type. 16% alcohol,,0.6,17.8,,17.8,,,0.042
2008,Cocktail. alcohol-free (juices and syrup-based cocktail),,0.5,12.8,0,11.2,0,0,0.0075
5004,Shandy (beer + lemonade),36.2,0,5.63,0,5.4,0,0,0.0052
5005,,25.4,0.48,4.93,,4.92,0,0,0.0034
11506,Aspartame sweetener. in tablets,216,6.35,69.3,0,6.65,0,2.2,0.82
11509,Aspartame. in powder,,0.63,94.7,,9.33,0,,0.028
11510,Multi-coloured  vermicelli,,0.5,93,5,91,4,0.5,0.019
31008,Honey,,0.56,81.7,0,79.8,0,0,0.01
31016,Sugar. white,,0,99.8,0,99.8,0,0,0.0054
31017,Sugar. brown,,0.12,97.3,0,95.5,0,0,0.1
31034,Syrup. maple,,0.04,67.1,0.06,62.6,0.007,0,0.015
31044,Sugar. vanilla flavoured,,0.1,99,0.33,97.2,0.053,0.37,0.0094
31046,Liquid caramel,,0,81,0,61,0,0,0.013
31064,Saccharin sweetener,,1.25,88.8,0,,0,0,1.07
31067,Cane molasses,,0,74.7,0.1,74.7,0.018,0,0.093
31076,Sugar. light. with aspartame,,0.81,98.7,0,98.7,0,0,0.0045
31077,Fructose,,0,99.8,0,,0,0,0.00025
31087,Stevia sweetener,238,traces,98,0.2,0.3,0,0.5,0.42
31089,Syrup. agave,,,78.1,0.5,70.2,0.25,0,0.018
31000,Chocolate bar with biscuit,523,6.14,60.5,28.1,46.9,16,1.93,0.39
31001,Coated chocolate bar without biscuit,496,3.7,66.4,24.1,60.5,13.5,0.6,0.5
31002,Coconut bar. with chocolate coating,475,3.88,60.2,23.8,53,18.3,3,0.5
31004,Milk chocolate bar,537,7.5,55.6,30.8,53.1,18.7,2.9,0.2
31005,Dark chocolate bar. less than 70% cocoa,,6.63,42.9,33.8,38.3,22.5,12,0.023
31009,Milk chocolate bar. with puffed/popped cereals,,7.15,60.6,26.6,50.8,16.7,2.59,0.52
31010,White chocolate bar,,6.16,57.1,34.2,56,21.3,1,0.22
31012,Chocolate confectionery or bar. with dairy filling,551,8.75,50.9,34.2,43.3,16.6,1.7,0.23
31018,Milk chocolate bar. with dried fruits (nuts. almonds. raisins. praline),,8.43,48.7,35.9,43.6,17,3.52,0.25
31020,Milk chocolate bar. without sugar. with sweeteners,487,5.75,54.2,34.6,11.3,21.2,2,0.34
31026,White chocolate bar. with dried fruits (nuts. almonds. raisins. praline),,7.64,48,39.1,45.1,21.8,2.43,0.29
31030,Dark chocolate bar. without sugar and with artificial sweeteners,525,8.48,34.1,42.3,2,26.6,10.2,0.0063
31032,Chocolate spread with hazelnuts,,5.02,57.9,32.4,56.2,9.18,3.23,0.12
31041,Chocolate confectionery. sugar coated,505,5.49,65,24.3,57.4,15,1.98,0.28
31042,Sugar and chocolate coated peanut,499,9.5,55.9,25,50.5,9.87,5.9,0.12
31063,Chocolate confectionery. filled with nuts and/or praline,,9.1,51.5,34.7,46.2,13.6,2.1,0.34
31066,Chocolate and nut confectionery filled with praline,,6.53,51.4,35.3,49.2,15.5,3.88,0.14
31069,Dark chocolate bar. with fruits (orange. raspberries. pear),,6.8,45.3,34.4,35.7,22.5,10.3,0.078
31070,Dark chocolate bar. with dried fruits (nuts. almonds. raisin. praline),567,8.69,40.7,39,38.2,17.5,8.4,0.03
31071,Chocolate bar with dried fruits,494,7.23,57.6,26,45.1,9.53,1.53,0.38
31072,Dark chocolate. filled with mint confectionery,,2.9,70.5,16,69,11,4,traces
31073,Chocolate snack bar. dairy filling,,6.81,41,28.5,32.8,17,1.6,0.17
31074,Dark chocolate bar. more than 70% cocoa,591,10.4,26.9,46.3,17.9,28.7,12.8,0.02
31079,Milk chocolate. filled,,4.8,45.5,45,44.5,32.5,2.3,0.25
31080,Dark chocolate bar. filled with praline,,6.38,52.4,34.8,48.8,16.9,5.07,0.039
31084,Milk chocolate bar. filled with praline,,7.29,52.9,34.9,49.9,16.4,2.51,0.2
31085,Dark chocolate bar. more than 40% cocoa. for cooking,,6.39,51.4,33.1,41.6,22,8.76,0.015
31091,Chocolate confectionery. filled with wafer,,6.5,55.1,29.4,42.9,17.8,4.92,0.32
31098,Toblerone milk cholcolate bar w nougat,532,5.8,60.5,29,60.1,17.4,2.9,0.11
31099,Chocolate snack bar. dairy filling with sponge cake,,6.68,39,34.2,33.3,19.7,4.3,0.13
31120,Chocolate bar,557,7.81,45.3,36.1,39.5,22.3,7.39,0.11
31003,Candies. all types,,1.75,86.5,6.32,64.4,3.79,0.63,0.15
31007,Chewing gum. with sugar,372,,90.6,0.32,68.1,0.042,2.4,
31014,Fruit jelly,336,1.69,76.6,1.8,69.2,,3.9,0.078
31021,Candied orange zest,,0.2,82.7,0.2,82.7,0.02,1.1,0.068
31023,Iced chestnut,324,0.94,79.5,,56.6,,0.9,0.08
31027,Candied fruits,298,,72.3,,62.9,0,3.3,0.14
31033,Nougat,,7.88,62.5,25.2,58,1.61,0.7,0.0025
31036,Sugar-coated almond,,5,73.9,17.2,71.9,1.39,0,0.17
31050,Candies. marshmallows,,3.67,78.7,1.42,65.6,0.067,0.23,0.092
31054,Chewing gum. without sugar,228,0.69,78.1,0.45,,0.17,1.98,0.026
31059,Hard candy and lollipop,,,95.4,0.35,74.9,0.28,,0.07
31060,Jelly candy,,6.28,80.2,0.25,68.1,0.15,,0.051
31081,Soft caramel candy,,2.95,83.7,8.04,60.4,5.62,0.88,0.46
31092,Melon and almond Candy on a unleavened bread layer,440,7.88,60.3,18,50.1,1.65,2.7,0.03
31093,Candies. marshmallows. chocolate covered,,4.65,66.2,10.3,56.3,6.2,0.6,0.1
31094,Hard caramel candy,,1.21,72.5,6,72.5,4.14,0,1.12
31121,Chewing gum. sugar level unknown (average),279,0.53,82.5,0.41,24,0.12,2.12,0.019
30999,Jam or marmalade. sugar content not known. (average),228,0.37,56.5,0.29,55.5,0.053,1.05,0.02
31006,Jam or marmalade (average),249,0.29,60.2,0.31,59,0.055,0.91,0.019
31024,Jam. strawberry,251,,60.5,0.5,60.1,0.11,0.7,0.018
31037,Jam. apricot,247,,59.7,0.3,56.8,0.041,1.1,0.013
31038,Jam. cherry,,0.38,60.9,0.16,60,traces,0.55,0.018
31039,Marmalade. orange,246,,59.3,0.4,56.9,0.14,1.5,0.015
31040,Dulce de leche or confiture de lait,,6.45,58,5.45,51.7,2.87,0.58,0.27
31053,Jam. plum,,0.27,59.3,0.1,59.3,traces,0.87,0.04
31062,Jam. raspberry,,0.47,61,0.21,59.5,traces,0.95,0.013
31068,Jam. blueberry,246,,58.9,0.4,58.9,,2.1,
31082,Fruit preparation. sweetened. less sugar than classic. but not as reduced as in jams reduced sugar,,0.49,43.4,0.33,40.5,traces,1.88,0.015
31086,Jelly. all fruits,,0.35,61.6,0.17,61.6,,1.28,0.019
31095,Jelly. currant (red),246,,59.6,,58.7,,,
31110,Jam. reduced sugar,162,0.75,38,,38,0.044,1.8,0.023
7225,Brioche or Vienna bread,356,9.76,55.5,9.38,6.9,5.22,3.3,1.31
7600,Pastry. average food,380,7.77,49.1,16.2,12.8,8.6,2.43,1.04
7602,Croissant,375,6.65,40.4,20,8.83,11.6,2.32,1.1
7615,Croissant. ordinary. from bakery,412,6.33,47.6,21.1,7.88,11.6,1.8,1.31
7620,Croissant. butter. from bakery,420,6.61,45.7,22.6,7.3,15.1,2.5,1.16
7650,Croissant w almonds. from bakery,446,7.62,35.9,29.1,14.1,15,3.7,0.79
7710,Milk roll. from bakery,382,8.55,50.6,15.4,9.94,8.34,1.5,1.1
7711,Milk roll. prepacked,359,8.94,52.2,12.3,11.9,5.54,1.8,1.06
7712,Milk roll filled with chocolate drops. prepacked,369,8.51,52,13.5,18,6.32,2.72,0.93
7720,Raisin puff pastry (Viennese pastries),333,5.11,55.9,9,18.7,4.1,2.8,0.71
7730,Chocolate croissant. puff pastry. from bakery,423,7.47,45.4,22.5,12.8,14.7,3,0.98
7733,Chocolate croissant. prepacked,425,6.9,46.8,22.3,11.1,13.4,3,1.1
7735,Brioche. filled with chocolate drops. prepacked,348,8.56,51.6,11.2,17,0.92,3,0.94
7737,Brioche. filled with chocolate,351,7.47,53.2,11.6,21.1,6.82,2.17,0.86
7738,Brioche. filled with fruits. prepacked,346,6.9,50.5,12.1,18.4,7.2,3.8,1
7739,Brioche. filled with custard (Chinese brioche type). prepacked,300,6.22,49.2,8.41,20.7,4.93,1.5,0.68
7740,Brioche. prepacked,354,8.13,52.7,11.8,12.7,5.01,2.2,1
7741,Brioche,401,11.3,46,19.1,5.7,7.84,,1.13
7742,Brioche. from bakery,374,9.81,49.2,14.7,,8.51,3,1.47
7744,Christmas brioche with candied fruits. prepacked,355,7.2,53.3,12.3,19.6,5.83,1.35,0.89
7745,Brioche. pure butter,366,8,51.6,14,13.4,8.69,1.1,0.96
23467,Chou pastry. sugar coated,381,7.76,42.6,18.6,27.1,9.89,6.1,1.08
23480,Apple turnover,338,4.17,36.6,18.7,11.2,10.3,3.1,0.87
7412,Biscuit. extruded and grilled. chocolate filling,,7.85,64.3,16,30.2,4.88,4.65,0.34
7413,Biscuit. extruded and grilled. fruits filling,,4.91,74.7,6.44,28.8,1.72,3.92,0.43
23027,Macaroon,,6.9,77.7,10.2,74,0.6,3,0.2
24000,Biscuit (cookie),,6.9,65,20.6,24.7,6.09,2.03,0.63
24001,Biscuit (cookie). plain,,6.77,70,15.1,23.6,6.81,2.81,0.84
24002,Biscuit (cookie) vitamins content guaranteed,,9.63,72.6,14.2,23.3,6.07,0.75,0.16
24003,Biscuit (cookie) vitamins and chemical elements content guaranteed,,10.8,61.9,19.8,22.1,8.44,3.5,0.44
24004,Biscuit (cookie) with fruits. reduced salt,,10.8,61.4,15.8,20.2,6.8,6,0.038
24005,Fruit biscuit. low sodium. unsweetened,,22.7,47.6,20.7,14.3,8.37,2.63,0.35
24007,Crispy biscuit (cookie). with chocolate. reduced fat,,7,69,11,22.4,3.18,8.4,2.18
24008,Biscuit (cookie) filled with fruits. reduced fat,,4.69,75.3,7.2,,2.82,3,0.58
24009,Speculoos biscuit,,5.94,69,19.7,32.6,9.35,1.93,0.86
24010,Biscuit (cookie). with vegetal fat,,7.23,74.7,11.8,21.7,6.68,4,0.72
24011,Biscuit (cookie). assortment of miniature sweets and biscuits,,6.44,61.4,26.4,39.4,6.21,2.9,0.46
24015,Butter biscuit (cookie),,8.06,74.5,12.1,21.5,7.82,2.3,1.16
24016,Biscuit (cookie). covering with a chocolate bar,,6.62,63.3,24.1,36.8,15.1,2.65,0.61
24017,Butter biscuit (cookie). with chocolate,,7.19,71.1,16,24.5,9.37,2.91,1.21
24030,Biscuit (cookie). with milk,,8.25,73.9,11.5,20,5.45,2.2,1.14
24031,Crispy biscuit (cookie). without chocolate. reduced fat,,5.63,80.1,8.8,29.4,2.85,2.5,0.78
24034,Breakfast biscuit (cookie),,7.81,65.8,16.3,21,2.83,5.5,1.19
24035,Breakfast biscuit (cookie). reduced sugar,,7.68,66.3,16,20.2,4.4,6.33,0.68
24036,Biscuit (cookie). with chocolate. prepacked,,6.43,61.7,26.9,34.3,14.2,2.71,0.5
24037,Biscuit (cookie) filled with fruit paste or fruit puree,,4.43,69.2,9.11,43.4,3.6,3.52,0.41
24038,Biscuit (cookie). chocolate covering,,6.93,61.9,25,36.7,14.9,2.09,0.4
24039,Biscuit bar filled with fruits. reduced fat,,3.32,75.7,7.12,41.9,2.64,3,0.42
24040,Breakfast biscuit (cookie). with chocolate,,6.5,69.7,16.6,29.8,8.75,2.8,0.95
24041,Breakfast biscuit (cookie) with cereals. fortified with vitamins and chemical elements,445,7.44,67.7,15.7,23.4,4.12,5.3,0.87
24049,Biscuit shortbread. with butter,,6.4,64.8,22.7,24.3,14.7,1.99,0.82
24050,Biscuit shortbread. with butter and chocolate,,6.64,61,25.3,28.9,16,3.19,0.77
24051,Biscuit sponge cake. with chocolate. pre-packed,,7.39,60.9,22.8,43.1,3.03,2.41,0.4
24052,Biscuit (small tart). with chocolate. pre-packed,,6.65,60.2,25.8,29.2,16,3.24,0.45
24053,Biscuit shortbread. with chocolate. pre-packed,,6.84,63.7,23.5,28.2,13.2,3.01,0.65
24054,Biscuit shortbread. with fruits,,5.93,67.6,19.3,31,11,2.74,0.49
24055,Biscuit (cookie) with nuts (no chocolate or lightly chocolate-flavoured),511,5.5,59.8,27.2,29.7,16.7,3.4,0.37
24056,Florentine biscuit (chocolate sweet biscuit (cookie) with almonds),514,9.31,50.7,28.7,44.1,10.8,7.6,0.13
24060,Pastry biscuit with meringue,,7.42,56,30.7,46.1,18.9,3.62,0.3
24070,Shortbread cookie w coconut,,7.1,66.5,20.1,24.2,12.3,2.65,0.74
24071,Shortbread pastry biscuit,,8.38,59.4,22.9,,,3.3,0.41
24072,Shortbread cookie with fruit (apple. red berries. etc.),,5.85,66,21.1,32,10.6,2.55,0.56
24080,Shortbread cookie with cocoa or chocolate. or praline or other,,6.63,61.2,24.6,27.3,10.7,3,0.94
24225,Biscuit (cookie). snack with dairy or vanilla filling,,5.36,71.2,18.6,34.7,10.7,1.83,0.56
24231,Biscuit (cookie). snack w chocolate filling,,6.7,67.9,18,29.8,9.92,3.77,0.62
24240,Biscuit (cookie). snack with fruits filling,,6.64,73.3,17.4,31.6,9.68,3.35,0.5
24300,Wafer biscuit without filling,,9,76.8,8,35,5,2,1
24311,Wafer biscuit. filled with chocolate. prepacked,,6.38,57.2,29.8,35.8,22.9,3.53,0.27
24312,Wafer biscuit. filled with nuts (hazelnut. almond. praline. etc.). with chocolate or not. prepacked,,7.31,59.6,26.4,37.4,17.7,3.21,0.34
24313,Wafer biscuit. plain or vanilla flavoured. prepacked,538,5.75,60.1,30.1,32.9,19.9,1.6,0.36
24320,Wafer biscuit. with fruits,,4.43,82.4,1.58,41.7,0.75,1.66,0.28
24360,Cigarette biscuit,,5.29,63,27.5,38,17.5,1,0.28
24370,Crepe dentelle,,6.27,72.1,15.5,36.7,10.2,1.7,0.64
24371,Wafer cookie. with chocolate. prepacked,,5.91,67.9,21.8,42.4,13.5,3.45,0.5
24430,Biscuit (cookie). sponge fingers or Lady fingers,,7.98,79.9,3.77,47.9,0.99,1.37,0.41
24441,Biscuit (cookie). cat tongue type,,5.66,77.9,10.7,40.3,6.85,1.86,0.57
24520,Meringue,,4.11,94.3,,94.3,,,0.16
24615,Biscuit (cookie). thin. w almonds,471,7.8,68,18.1,39.2,5.65,2.1,0.21
24616,Biscuit (cookie). thin. w fruits,384,5.43,74.9,8.28,26.9,3.69,7.14,0.7
24659,Biscuit puff pastry,,6.1,60.5,27.6,21.6,14.4,2.06,1.01
24660,Biscuit ( puff pastry). palmier. from bakery,,5.93,53.1,28.2,21.8,14.4,5.3,1.16
24678,Biscuit sponge cake with fruits covering. pre-packed,341,4.44,74.4,2.1,51.1,0.75,2.8,0.12
24679,Biscuit (small tart). with fruit covering,,4.7,71.3,14.2,32.7,7.98,2.27,0.37
24680,Soft cake. filled with fruit paste or fruit puree and sugar icing coated,,4.25,79.3,1.92,52.9,0.86,1,0.015
24684,Biscuit (cookie). with chocolate drops,,6.47,59,25.9,31.5,12.9,3.38,1.01
24685,Cone. wafer for ice cream,,7.5,80.4,5,25.6,4.1,2,0.54
24686,Dried sponge cake filled with fruits and covered with chocolate,,3.23,69.5,10.6,51.7,6.11,2.16,0.17
24690,Biscuit (cookie). reduced sugar,,20.8,43.8,18.5,19.3,8.75,11.5,0.86
32000,Breakfast cereals. popped or puffed wheat grain. with honey or caramel. fortified with vitamins and chemical elements,391,8,82.2,2.2,35.3,0.38,5.2,0.018
32001,Breakfast cereals. with chocolate. not filled. fortified with vitamins and chemical elements,408,8.13,70.4,8.9,26.2,3,6.7,0.53
32002,Breakfast cereals. rich in fibre. with or without fruits. fortified with vitamins and chemical elements,360,11.5,59.3,4.42,22.1,1.91,18.3,1.27
32003,Breakfast cereals. sweet (average),398,7.78,75.3,6.08,24.6,2.19,5.16,0.79
32004,Muesli (average),418,7.49,66.6,12.2,25.9,5.04,6.4,0.7
32005,Breakfast cereals. corn flakes. plain. fortified with vitamins and chemical elements,377,7.4,83.2,0.87,9.53,0.28,3.48,1.64
32006,Breakfast cereals. puffed/popped rice. fortified with vitamins and chemical elements,391,6.66,87,1.5,8,0.3,1,1.15
32008,Breakfast cereals. rich in fibre. with chocolate. fortified with vitamins and chemical elements,386,10.7,64,6.75,19.3,3.5,11.5,0.78
32009,Breakfast cereals. chocolate wheat grain flakes. fortified with vitamins and chemical elements,388,9.04,77.7,3.24,29.9,1.49,6.01,0.56
32011,Breakfast cereals. chocolate wheat grain flakes (not fortified with vitamins and chemical elements),388,8.48,80.1,2.64,30.3,1.4,4.93,0.64
32012,Breakfast cereals. chocolate puffed/popped rice (not fortified with vitamins and chemical elements),388,6.01,84.2,2.2,32.5,0.91,3.06,0.94
32013,Breakfast cereals. with chocolate. not filled (not fortified with vitamins and chemical elements),386,7.73,79.6,2.93,31.2,1.21,5.24,0.41
32014,Breakfast cereals. corn flakes. plain (not fortified with vitamins and chemical elements),380,8.14,82.8,1.05,5.43,0.3,3.36,2.15
32016,Breakfast cereals. filled with chocolate or chocolate-hazelnuts. fortified with vitamins and chemical elements,433,7.81,69.2,13,29.1,3.22,3.6,0.89
32017,Breakfast cereals. filled with chocolate or chocolate-hazelnuts,442,7.33,67.2,14.8,34.3,3.03,5.3,0.46
32018,Breakfast cereals. filled with a filling other than chocolate. fortified with vitamins and chemical elements,419,8.42,64.7,13.3,31.2,5.52,3.32,0.77
32021,Breakfast cereals. diet. plain or with honey. fortified with vitamins and chemical elements,382,11.4,78.6,1.65,17.2,0.54,3.36,1.25
32022,Breakfast cereals. diet. with chocolate. fortified with vitamins and chemical elements,394,7.5,73.9,5.9,19.5,3.02,7.1,0.69
32023,Breakfast cereals. diet. with fruits. fortified with vitamins and chemical elements,378,10.5,77.9,1.74,20.6,0.57,4.4,1.06
32025,Breakfast cereals. diet. with dried fruits. fortified with vitamins and chemical elements,394,8.91,75.5,4.93,23.7,0.83,4.33,1
32028,Breakfast cereals. diet. with chocolate. not fortified,411,10.3,74.6,7.01,22.9,4.07,4.06,1.03
32029,Breakfast cereals. diet. with fruits. not fortified,378,10.5,78.7,1.4,19,0.32,4.32,1.24
32030,Breakfast cereals. diet. plain. not fortified,379,11.3,79,1.25,15.4,0.39,3.45,1.18
32031,Breakfast cereals. sweet. fortified with vitamins and chemical elements (average),401,7.51,75,6.77,24.4,2.42,4.98,0.86
32032,Breakfast cereals. sweet.  not fortified with vitamins and chemical elements (average),388,8.23,79.2,3.24,28.6,1.48,4.88,0.67
32107,Breakfast cereals. corn flakes. sugar iced (not fortified with vitamins and chemical elements),379,4.4,88,0.6,29.6,0.1,1.9,1.14
32108,Muesli. crunchy. with fruits and/or dried fruits. grains (not fortified with vitamins and chemical elements),436,8.88,59.7,16.7,21.7,6.61,8.68,0.34
32109,Muesli. crunchy. with chocolate (not fortified with vitamins and chemical elements),442,8.57,63.2,16.7,22.7,7.74,7.42,0.35
32110,Muesli. flakes (Bircher-style). with fruits or dried fruits. fortified with vitamins and chemical elements,361,9.19,65.4,5,23.8,0.75,8.6,0.49
32111,Muesli. crunchy. with fruits or dried fruits. fortified with vitamins and chemical elements,460,5.67,68.4,17.3,30,8.33,3.83,1
32112,Muesli. crunchy. with chocolate. with or without fruits. fortified with vitamins and chemical elements,451,9.13,62.7,16.7,21.8,6.45,6.7,0.44
32113,Muesli. flakes (Bircher-style). with fruits or dried fruits. without sugar,400,10.7,61.6,11,18.6,1,5.7,0.25
32115,Breakfast cereals. chocolate puffed/popped wheat grain. fortified with vitamins and chemical elements,385,8.82,75.2,4.01,44.4,2.54,6.43,0.25
32116,Breakfast cereals. very rich in fibre. fortified with vitamins and chemical elements,338,14,49,3.5,18,0.7,27,0.58
32121,Breakfast cereals. corn flakes. sugar iced. fortified with vitamins and chemical elements,374,5.77,84.7,0.63,30,0.18,3.02,1.27
32123,Breakfast cereals. wheat flakes with walnuts. hazelnuts or almonds. fortified with vitamins and chemical elements,386,10.3,67.9,6.3,20.9,0.83,8.07,1.5
32128,Muesli. flakes (Bircher-style),382,10.6,68.5,4.83,11.9,0.83,11.4,0.15
32129,Breakfast cereals. puffed/popped corn. with honey (not fortified with vitamins and chemical elements),393,5.71,86.2,2.35,30.9,0.6,2.3,0.71
32130,Khorasan wheat. wholemeal. puffed/popped,378,6.68,80.5,1.96,,0.52,4.4,0.027
32131,Breakfast cereals. chocolate puffed/popped rice. fortified with vitamins and chemical elements,390,6.22,83.2,2.82,29.7,1.5,3.19,0.75
32133,Breakfast cereals. puffed/popped corn. with honey. fortified with vitamins and chemical elements,384,5.5,85.3,1.8,27,0.35,2.1,0.84
32134,Breakfast cereals. puffed/popped cereals. wholemeal. fortified with vitamins and chemical elements,385,7.42,76.8,3.85,32,0.85,5.65,0.95
32135,Breakfast cereals. mix of puffed or extruded cereals. fortified with vitamins and chemical elements,392,7.39,79.4,4.27,33.3,2.01,3.49,0.75
32136,Muesli. crunchy. with quinoa,,9.92,71.2,10.7,,4.09,3.4,0.057
32138,Muesli. flakes (Bircher-style). with fruits or dried fruits (not fortified with vitamins and chemical elements),369,9.5,61.7,6.9,20.6,2.12,11,0.1
32139,Muesli. flakes. fortified with vitamins and chemical elements (average food),424,6.96,67.3,12.8,27.7,5.55,5.58,0.81
32140,Oat flakes. pre-cooked. raw,370,11,58,7.7,1.84,1.36,10.6,0.011
32141,Muesli. flakes. not fortified with vitamins and chemical elements (average food),401,9.2,60.7,11.6,21.1,4.29,9.88,0.22
31100,Milky cereal breakfast bar. with chocolate or not. fortified with vitamins and minerals,382,7.06,79.5,3.2,28.1,1.74,4.5,0.54
31101,Cereal bar with fruit. fortified with vitamins and minerals,379,6.13,72.8,6.53,30.2,3.5,4.13,0.75
31102,Cereal bar with chocolate. fortified with vitamins and minerals,418,5.99,72.9,10.9,32.4,6.65,3.7,0.7
31104,Cereal bar. low calorie,386,5.9,65.3,11.2,8.5,9.6,5.8,0.75
31106,Chocolate cereal bar,451,6.55,73,14.9,32.9,7.37,4.5,0.51
31113,Cereal bar w fruit,377,5.49,73.5,7.07,29.6,3.44,3.8,0.63
31114,Cereal bar with almonds or hazelnuts,444,8.69,60.6,18.2,20.4,4.03,4.6,0.45
31115,Chocolate cereal bar with fruits,,5.7,70.4,11.8,34.8,7.45,4.04,0.56
19688,Rum baba. prepacked,169,2.83,23.6,3.86,18.2,2.77,0.87,0.24
23000,Cake (average),,5.27,53.5,17.8,32,5.36,1.75,0.73
23005,Chou pastry with praline flavoured creme,,5.44,26.1,24.9,16.2,13.1,1.2,0.3
23006,Sponge cake w chocolate w or wo cherry,,4.13,34.2,19,29.5,12.4,2.2,0.17
23007,Sponge cake w fruit mousse,,3.87,31.6,12.2,25.1,6.51,,0.11
23008,Dessert. Opera cake type,,5.19,39.6,24,35.1,13.4,2.3,0.11
23009,Sponge sandwich cake filled and topped with strawberries or raspberries,,3.31,26.7,15.5,17.3,8.3,1.3,0.15
23021,Rum baba,,2.25,36.3,9.9,29.9,6.42,0.8,0.22
23022,Canelé cake,,5.31,59.4,3.7,37.6,2.11,2.6,0.19
23024,Macaron filled with jam or cream,,10,49.7,21.2,45.2,4.46,2.9,0.16
23030,Christmas log cake,,4.2,30.7,19.7,23.7,,1.3,0.18
23032,Brownie (chocolate cake),458,5.94,50.6,25.4,35.1,7.32,3.4,0.35
23033,Rock-shaped coconut cake,,4.46,53.7,24.1,47.5,21.2,7.08,0.1
23050,Savoy-style sponge cake,,5.9,56.3,0.8,,0.12,1.5,1.87
23080,Pound cake,,5.94,46,25.6,26.8,15.8,1.1,0.52
23081,Butter pound cake. prepacked,,5.94,48.2,23.9,26.4,15.2,1.1,1.07
23082,Pound cake. prepacked,,5.38,54.7,14.9,26.8,1.59,1.4,1.28
23103,Lemon cake. all types,,5,54,21.3,,8.64,1,0.54
23121,Breton pudding cake with prunes,,5.13,32,8,21.5,4.79,3.4,0.23
23122,Buttered and caramelized milk bread cake,,5.81,48.7,25.1,20.5,16.7,2.2,0.85
23200,Gingerbread,,2.94,71.5,1.1,38.2,0.18,3,0.47
23220,Gingerbread w filling,,4,76,2.5,44,0.5,2.5,0.41
23300,Baklava (oriental pastry with almonds and syrup),,10.4,49.2,24.5,39.6,4.7,,0.075
23301,Gazelle horn (oriental pastry with almonds and syrup),,8.55,60.2,22.1,32,7.78,,0.15
23455,Pastry cream puff,,4.5,25.2,22.9,16.7,14.5,,0.28
23456,Chou pastry filled with whipped cream,,4.63,22.9,26.4,8.9,13.6,1,0.37
23457,Chou pastry filled with custard,,4.31,34.9,7.3,13.5,3.38,1,0.25
23477,Eclair,,5.78,31.6,11.8,18.9,5.49,3.9,0.23
23479,Fruit pie with confectioner's custard,,2.94,30,7.7,18.7,4.8,1.3,0.26
23481,Apple pie with custard (flour. eggs. cream. sugar. apple alcohol),313,4.44,38.7,15,25.8,8.37,2.5,0.23
23485,Lemon tart,,5,42.7,20.9,30.1,10.7,1.8,0.13
23490,Apple tart,,2.52,32.7,8.79,20.7,4.66,3.3,0.31
23491,Strawberries tart,,3.19,31,19.8,,9.04,1.5,0.14
23493,Apple crumble,,2.19,33.8,9.5,19,6.25,1.7,0.085
23494,Apricots tart,,3.18,41,10.7,17.4,6.43,5.9,0.22
23495,Red berries tart,,3.5,38.5,6.87,20.9,3.85,4.5,0.21
23496,Tatin tart (caramelized upside-down apple tart),,2.31,37.1,9.3,24.9,5.98,0.7,0.19
23497,Chocolate tart from bakery,,5.94,40.9,30.7,22.7,18.9,2.9,0.19
23499,Fruit tart,,3.72,46.9,10.6,24.6,4.74,2.64,0.38
23525,Flan tart with eggs,,3.76,29.2,11.3,18.4,7.16,0.7,0.24
23531,Fruit charlotte,,5.16,28.2,6.64,21.7,3.34,2.8,0.038
23585,Chocolate cake,,5.74,54.6,21.6,32.2,5.6,2.42,0.76
23586,Chocolate soft cake. prepacked,,6.19,48.2,24,33.4,7.88,2.56,0.3
23588,Yogurt cake,,5.87,51.8,21.4,26.9,2.23,1.13,0.67
23589,Fresh cream cheese cake,,6.17,27,11.6,19.5,5.16,0.7,0.5
23594,Soft cake. plain. sponge cake type,,5.7,57.6,14.4,27.1,1.6,4.6,0.5
23680,Twelfth Night cake,,5,29.8,23.3,9.9,13.4,2.45,0.61
23684,Twelfth Night cake (puff pastry filled with almond paste),,7.6,33.4,30,15.6,14,2,0.7
23799,Crepe. plain. prepacked. refrigerated,,6.49,40,7.21,19.1,6.5,1.9,0.61
23800,Crepe. plain. prepacked. room temperature,,8.5,58.1,14.1,28.1,6.51,1.3,1.71
23801,Buckwheat crepe. plain. prepacked,,5.95,30.1,1.51,1.08,0.33,3.08,1.32
23802,Basque cake (shortbread). with custard,,4.03,57.4,13.3,28.1,7.55,1,0.47
23803,Basque cake (shortbread). with cherries,,4.3,63.3,13.5,42,9.1,1.4,0.43
23815,Crepe filled with sugar. prepacked,,6.62,58.7,15.8,31,9.38,1.04,1.44
23820,Crepe. filled with jam. home-made,,6.51,54,5.74,19.4,3.36,1,0.89
23821,Crepe. filled with chocolate or chocolate and hazelnut spread. home-made,,8.1,54.3,14.6,20.4,7.21,2.44,0.9
23829,Crepe filled with chocolate. prepacked,,6.43,58.7,20.4,38.2,5.52,1.96,0.83
23830,Crepe filled with strawberries. prepacked,,5.35,66.7,6.6,30.8,2,1,1.02
23849,Wafer biscuit. thin. filled with honey. prepacked,455,4.56,67,18.3,37,8,1.9,0.77
23850,Waffle. from bakery,,8,36.1,13.4,4.8,5.12,1.9,0.99
23851,Soft waffle (Brussels-style). plain or with sugar. prepacked,,7.1,52.5,25.2,32,11.4,1.77,0.82
23852,Soft waffle (Brussels-style). with chocolate. prepacked,,6.1,55.9,23.9,29.4,13.5,2.45,0.63
23853,Wafer biscuit. crunchy (thin or dry). plain or with sugar. prepacked,,5.18,66.4,17.9,37.6,10.1,1.81,0.83
23854,Wafer biscuit. crunchy (thin or dry). with chocolate. prepacked,,6.9,70,16,39,12,1.6,0.76
23880,Doughnut. plain,404,7.25,39.4,23.7,10.7,9.46,2,1.11
23881,Doughnut filled with jam,378,6.36,45.6,18.7,19.9,4.84,0.9,0.71
23884,Doughnut filled with fruits. prepacked,362,5.65,47.6,16,14.5,6.05,2.15,0.78
23885,Doughnut filled with chocolate. prepacked,420,7.31,45.9,22.5,18.6,8.41,2.6,0.7
23900,Pastry (average),,5.04,44,17.2,27.5,6.97,2.25,0.39
23909,Fruit cake. prepacked,360,4.19,55.2,12.6,35.8,1.6,2.1,0.59
23925,Marble cake. prepacked,,5.76,50.5,23,27.9,6.11,1.75,0.67
23930,Fruit shortbread cake. prepacked,,5.13,63.9,16.3,39,13,1.9,0.61
23937,Fruit soft cake. prepacked,,4.61,61.6,14.8,34.2,3.11,1.97,0.85
23938,Soft cake with nuts. prepacked,,6.2,48.8,25.5,34.7,12.8,2.1,0.5
23939,Soft cake filled with chocolate or chocolate drops or milk. prepacked,,5.31,60.7,21.7,43.7,9.88,,0.51
23940,Sponge cake filled and covered with chocolate. prepacked,,5.46,53.3,20.8,35,12.3,1.91,0.43
23941,Soft cake filled with fruits. mini sponge roll type. prepacked,,4.41,64.2,6.5,43.9,0.91,1.64,0.48
23950,Muffin. with blueberry or chocolate,,5.59,48.9,23.4,27.9,4.13,1.55,0.9
24630,Madeleine cake. pure butter. prepacked,,5.6,52.6,25.5,27.4,15.7,0.8,0.69
24631,Madeleine biscuit. with chocolate. prepacked,,6.06,51.5,24.9,29,7.48,1.1,0.81
24632,Madeleine biscuit (cookie),,5.2,53.5,25.2,23.8,2.49,1.2,0.89
24663,Peer tart with almonds,,4.9,37.7,14.9,21.2,7.2,2.3,0.14
24664,Almond cake. financier,,9.1,44.3,27.4,34.6,13.3,2.6,0.47
24665,Almond cake. prepacked,,5.78,60.1,17.3,37.4,7.37,2.15,0.5
24666,Mille-feuille pastry,,3.88,43.7,11.3,28.8,5.27,0.24,0.42
39500,Ice cream or sorbet or ice pop. flavoured (average),,2.7,32.2,12,25.3,8.42,1.17,0.14
31035,Ice cream. chocolate coated,359,5.12,35.8,21.4,27.7,15.2,1.31,0.29
39503,Ice cream on stick. with chocolate coating,328,3.42,33.4,19.8,27.9,13.3,1.23,0.16
39509,Ice cream. cone (normal size),,3.51,37.8,13.5,25.7,9.77,,0.13
39515,Ice cream. in box,,2.55,26.1,8.4,21.9,5.44,,0.12
39517,Frozen yogurt,,3.45,22.7,2.2,20.7,1.44,,0.093
39520,Ice cream. luxury. in box,,3.05,29,10.7,24.4,6.36,1.05,0.17
39521,Ice cream. luxury. in cup,,4.21,24.2,17.9,21.9,10.8,,0.16
39522,Ice cream. cone. mini,,4.2,38.5,20.2,25.6,15.1,2.33,0.29
39523,Ice cream. in individual cup,,3.21,26.7,12.7,22.1,9.2,1.91,0.15
39527,Ice cream. box or cup (average),,2.87,24.9,6.21,21.5,4.03,1.5,0.11
39531,Ice cream. in cup for children,,1.87,25.2,5.94,22,4.12,0.28,0.14
31013,Sorbet. on stick,,0.28,25.7,0.32,23.1,0.094,0.82,0.039
39524,Sorbet. in box,,0.47,29.6,0.78,25,0.45,1.17,0.045
39525,Sorbet. cup,,traces,27,2.5,24,traces,traces,0.04
39526,Ice lolly,,0.067,20.8,0.2,20.1,0.19,0.2,0.02
39528,Sorbet. cone,,2.08,39.3,6.74,27.6,4.47,0.9,0.051
23472,Profiteroles (chou pastry). with vanilla ice cream and chocolate sauce,286,5.38,31.4,14.9,19,8.39,1.6,0.24
39401,Peach melba (with vanilla ice cream and raspberry sauce),119,2.06,18.8,3.62,18.2,1.62,1.54,0.063
39502,Frozen dessert. ice cream with meringue. vacherin ice cream or mystery ice cream type,275,3.18,40.5,10.7,33.7,6.53,2.18,0.12
39512,Frozen dessert. Sundae ice cream type,230,2.57,32.6,9.7,24.9,6.8,,0.24
39516,Frozen dessert. puff pastry. to share,262,2.71,26.2,16.1,21.9,13.3,0.94,0.18
39518,baked Alaska,212,3.6,34.8,6.5,32.7,3.9,,0.15
39519,Belle Helene pear dessert (cooked pear topped with hot chocolate sauce on a bed of vanilla ice cream),196,2.74,23.5,9.57,21,5.19,2.76,0.039
39529,Iced nougat,263,4.93,25.3,15.2,20.5,11,2.76,0.13
39530,Frosted lemon or orange (sorbet),133,0.14,29.1,1.77,24.4,traces,traces,0.034
39532,Goblet of ice cream. coffee or chocolate ice cream topped with whipped cream,220,3.04,28.6,10,25.6,7.74,1.82,0.12
39533,Ice cream log,226,2.47,30,10.4,25.6,7.1,1.54,0.19
39534,Goblet of ice cream. peach Melba or Belle Helene pear type,163,0.91,32.2,3.36,31.4,1.79,0.35,0.094
16400,Butter. 82% fat. unsalted,753,0.7,0.9,82.9,0.83,55.4,0,0.063
16401,Butter oil or concentrated butter,,0.28,0,99.9,0,61.9,0,0.005
16402,Butter. 80% fat. lightly salted,738,0.72,0.55,81.4,0.39,54.9,0,1.9
16403,Butter. 80% fat. salted,732,0.5,0.68,80.8,traces,52.9,0,2.52
16404,Butter. 82% fat. unsalted. easy-to-spread,755,0.7,0.5,83.4,,,0,0.055
16410,Butter. 60-62% fat. light. unsalted,550,0.56,0.7,60.6,,40.1,0,0.045
16411,Butter. 60-62% fat. light. lightly salted,555,0.9,0.5,61,0.5,34.3,0,1.13
16412,Butter spread. low-fat (average),368,0.33,3.73,38.9,1.06,25,0.51,0.4
16413,Butter. unknown fat content . half-salted (average),727,0.73,0.55,80.2,0.4,53.7,0,1.86
16414,Butter. unknown fat content . unsalted (average),741,0.69,0.99,81.5,0.84,54.5,0.017,0.073
16415,Butter. light. 39-41% fat. unsalted,391,,3.6,41.7,1.26,26.2,0,0.45
16712,Dairy fat 25% fat. light. spreadable. unsalted,247,0.4,3.8,25.6,,16.3,0,0.72
16713,Dairy fat 20% fat. light. spreadable. unsalted,201,,6.2,19.1,1.56,12.1,,0.63
16030,Cocoa butter,900,0,0,100,0,59.7,0,0
16040,Coconut fat or oil,900,0,0,100,0,84,0,0
16060,Coconut fat or oil refined,900,0,0,100,0,86.5,0,0
16080,Solid vegetable fat (margarine type). for frying,899,,0,99.8,traces,94.6,0,
16110,Shea butter Africa,900,0,0,100,0,46.6,0,0
16128,Frying oil,900,0,0,100,0,9.86,0,
16129,Palm oil,900,0,0,100,0,49.3,0,0
16150,Palm oil. refined,900,0,0,100,0,49.3,0,0
16200,Palm kernel fat,900,0,0,100,0,81.5,0,0
17001,Vegetable oil (average),900,0.21,0,99.9,0,13.5,0,0.0098
17020,Apricot kernel oil,900,0,0,100,0,6.3,0,0
17030,Almond oil,900,0,0,100,0,8.2,0,0
17040,Peanut oil,900,,0,99.9,0,16.2,0,
17100,Avocado oil,900,0,0,100,0,17.9,0,0
17110,Wheat germ oil,900,0,0,100,0,17.4,0,0
17126,Safflower oil,900,0,0,100,0,6.69,0,0
17130,Rapeseed oil,900,0,0,100,0,7.26,0,0
17170,Cottonseed oil,900,0,0,100,0,25.9,0,0
17180,Linseed oil,900,0,0,100,0,9.19,0,0
17190,Maize/corn oil,900,0,0,100,0,12.2,0,0
17210,Hazelnut oil,900,0,0,100,0,8.34,0,0
17220,Walnut oil,900,0,0,100,0,10,0,0
17270,Olive oil. extra virgin,900,,0,99.9,0,15.2,0,
17325,Poppyseed oil,900,0,0,100,0,13.5,0,0
17350,Grapeseed oil,900,0,0,100,0,11.4,0,
17390,Rice bran oil,900,0,0,100,0,19.7,0,0
17400,Sesame oil,900,0,0,100,0,14.9,0,0
17420,Soy oil,900,0,0,100,0,14.7,0,0
17440,Sunflower oil,901,,0,100,0,11.1,0,0.025
17700,Combined oil (blended vegetable oils),896,0,0,99.5,0,10.3,0,0.011
17701,Combined oil (mix of olive oil and seeds oil),900,0,0,100,0,12.1,0,0
17900,Argan oil,889,0,0,98.7,0,17.6,0,
16614,Vegetable fat (like margarine). 80% fat. salted,722,,,80,,32,0,1.78
16615,Vegetable fat (margarine type). 80% fat. unsalted,726,0.39,0.3,80.4,0.3,25.1,0,0.43
16616,Vegetable fat (margarine type). 70% fat. unsalted,631,0.13,0.24,70,0.24,29.2,0,0.76
16654,Vegetable fat (margarine type). 60% fat. unsalted. sunflowerseed,548,,,60.6,,14.1,0,0.37
16719,Vegetable fat (margarine type). spreadable. fat content unknown. light. unsalted,608,0.16,0.24,67.4,0.24,26.6,0,0.68
16725,Fat spreadfat content unknown. unsalted (average),532,0.28,0.24,58.9,0.22,18.2,0,0.4
16733,Vegetable fat (margarine type). spreadable. 30-40% fat. light. unsalted,366,1.44,3,38.6,1.91,17.5,0,0.53
16734,Vegetable fat (margarine type). spreadable. 30-40% fat. light. lightly salted,358,0.9,3.05,38,1.5,17.3,0,1.63
16736,Vegetable fat (margarine type). spreadable. 30-40% fat. light. unsalted. rich in omega 3,349,0,0,38.8,0,9,0,0.3
16737,Vegetable fat (margarine type). spreadable. 50-63% fat. light. unsalted. rich in omega 3,521,0.15,0.18,57.8,0.18,14.5,traces,0.37
16738,Vegetable fat (margarine type). 50-63% fat. light. lightly salted,523,0.2,,58,,25,0,1.25
16739,Vegetable fat (margarine type). spreadable. 50-63% fat. light. unsalted. with plant sterols esters,548,,0,60.8,traces,14.6,0,0.32
16740,Vegetable fat (margarine type). spreadable. 50-63% fat. light. lightly salted. rich in omega 3,491,0.083,0.12,54.5,0.12,14.9,0,1.38
16741,Vegetable fat (margarine type). spreadable. 50-63% fat. light. unsalted,536,,0.18,59.3,0.18,18.2,0,0.4
16742,Vegetable fat (margarine type). spreadable. 30-40% fat. light. lightly salted. with plant sterols esters,325,0.1,2.5,35,0.1,7.8,0,1.23
16743,Blended fat (vegetable and animal origins). 50-63% fat,490,0.4,0.6,54,0.6,25.7,0,0.44
16744,Blended fat (vegetable and animal origins). 50-63% fat. lightly salted,481,0.4,0.6,53,0.6,25.7,0,1.5
16745,Blended fat (vegetable and animal origins). spreadable. 30-40% fat,397,1.69,5.6,40.9,2.3,20.6,0,0.54
16746,Blended fat (vegetable and animal origins). spreadable. 30-40% fat. lightly salted,370,1.5,5.6,38,2.5,17.5,0,1.75
17630,Cod liver oil,900,0,0,100,0,22,0,0.00005
17640,Sardine oil,900,0,0,100,0,29.9,0,0
17645,Salmon oil,900,0,0,100,0,,0,0
17650,Herring oil,900,0,0,100,0,21.3,0,0
16520,Lard or pork fat,896,0,0,99.5,0,41.1,0,0.005
16530,Pork fat. raw,810,2.92,0,88.7,0,32.2,0,0.028
16540,Chicken fat,898,0,0,99.8,0,29.8,0,0
16550,Duck fat,898,0,0,99.8,0,33.2,0,0
16560,Goose fat,898,0,0,99.8,0,27.7,0,0
16570,Turkey fat,898,0,0,99.8,0,29.4,0,0
17999,Paraffin oil,0,0,0,0,0,,0,0
11184,Sauce (average),,1.3,6.04,25.7,4.57,2.76,0.87,2.14
11008,Ketchup. prepacked,99,1.27,21.4,0.19,20.8,0.069,1.15,2.59
11051,Tartare sauce. prepacked,,0.99,4.6,55,3.11,4.99,0.47,1.94
11054,Mayonnaise (70% fat and more). prepacked,,1.36,2.62,75.2,1.03,7.27,0.32,1.39
11073,Ketchup. reduced sugar. prepacked,,1.21,14.6,0.11,9.83,0.046,1.29,2.51
11079,Mayonnaise. reduced fat or light mayonnaise. prepacked,,0.93,8.98,29.9,4.91,3.52,0.23,2.37
11100,Barbecue sauce. prepacked,136,0.56,30.3,0.6,27.5,0.1,1.2,1.77
11104,Soy sauce. prepacked,45.5,7.08,3.64,0.1,1.32,0.0085,0.86,18.6
11108,Salad dressing. olive oil and vinegar (50-75% fat). prepacked,,0.53,4.54,52.8,3.66,6.01,0.32,2.41
11109,Salad dressing. reduced fat (25-50% of oil). prepacked,,,2.39,26.4,1.73,2.2,0.5,1.9
11110,Salad dressing. (50-75% of oil). prepacked,,0.54,4.56,52.4,2.9,,0.34,2.57
11112,Harissa (hot spicy sauce). prepacked,,2.72,7.3,2.9,,0.47,5.1,2.81
11120,Burgundy-style sauce. prepacked,,1.25,7.85,43.9,5.23,3.59,0.52,2.71
11157,Mustard sauce prepacked,,1.66,3.3,22.8,0.92,,2,2.35
11166,Yogurt sauce,,3.64,5.04,6.91,4.37,1.46,0.8,1.28
11167,American-style sauce. prepacked,,1.42,9.48,41.8,5.1,3.7,0.2,2.94
11168,Aioli sauce (garlic and olive oil mayonnaise). prepacked,,1.13,4.7,41,3.14,,0.42,1.85
11187,Salad dressing. prepacked,,0.86,5.3,30.9,4.06,3.22,0.35,2.4
11194,Nuoc mam sauce or fish sauce. prepacked,81.2,9.3,10.9,0,8.34,0,0.2,22.2
11196,Burger sauce. prepacked,,1.06,13.3,33.8,10.3,3.11,0.48,2.13
11198,Salad dressing. reduced fat. prepacked,,0.76,7.26,14.3,5.1,1.29,0.5,2.57
11203,Kebab sauce. prepacked,,1.1,9.15,27.6,4.6,2.3,0.1,1.5
11205,Mayonnaise flavoured with garlic. chilli pepper and fish broth. prepacked,,1.1,1,41.4,,5.7,0,1.18
11212,Sauce. pepper. condiment. dip. prepacked,,0.69,5.8,49.3,5.19,3.78,,2.31
11213,Sauce. cold (average),,0.86,5.73,31.6,4.81,2.72,0.61,2.45
11215,Tomato caviar (a seasonned tomato puree),218,2.19,6.8,19.2,6.5,1.88,3.5,2.09
11216,Soy sauce. with sugar. prepacked,,2.88,,,39.5,,,6.9
11217,Sauce for fried spring rolls. nuoc mam based,135,1.38,31.2,,30.9,,,4.29
11219,Sauce. veggie. bolognese-type,68,3.56,5.05,3,5.05,0.48,2.46,0.77
11301,Teriyaki sauce. prepacked,,3.82,16,1.06,13.2,0.3,0.1,6.13
19863,Tzatziki. from yogurt. prepacked,,6.19,3.8,10.9,2.7,0.81,traces,0.88
19864,Tzatziki. from quark. prepacked,,6.87,3.28,11.1,2.35,1.13,1.15,0.9
25620,Guacamole. prepacked,,2.18,5.85,16.5,2.65,3.95,5.65,1.38
25621,Hummus. prepacked,,8.2,7.1,23.9,1.38,2.48,5.98,1.19
25624,Aubergine caviar. prepacked,,0.71,4.3,21,1.85,0.65,2.93,1.36
11101,Bechamel sauce. prepacked,,2.56,6.2,7.4,3.1,4.61,1.3,0.69
11102,Bearnaise sauce. prepacked,,0.88,4.52,47.7,2.3,3.55,0.48,1.95
11105,Hollandaise sauce. prepacked,,1.19,4.58,19.8,0.7,7.23,0.5,1.19
11107,Tomato sauce. with onions. prepacked,,1.52,7.69,4.18,5.44,0.49,2.17,1.17
11111,Armorican-style sauce. prepacked,,2.1,3.95,6.6,0.73,6.3,traces,1.3
11114,Tomato sauce. with meat or Bolognese sauce. prepacked,,4.22,7.27,4.81,4.74,1.78,2.29,1.18
11115,Green pepper sauce. prepacked,,1.3,5.3,6.1,1.3,2.87,1.3,1.15
11121,Madeira wine sauce. prepacked,,0.6,3.6,2.2,1.9,1.1,0.5,1.1
11122,Cream sauce with shallots. prepacked,,1.7,11.9,5.53,2.27,3.03,0.9,1.61
11128,Carbonara sauce (cream sauce with lardoons). prepacked,,5.17,4.7,12.8,1,8.25,2.65,1.49
11129,Hunter-style sauce (a garnish of mushrooms. shallots and tomatoes in white wine sauce). prepacked,,1.21,4.66,1.61,,,0.43,1.03
11132,Curry sauce. prepacked,77.4,1.02,10.6,3.16,5.83,2.11,1.28,1.12
11140,White butter sauce. prepacked,,1.13,3.4,21.4,1.35,11.9,,1.16
11143,Bechamel sauce. home-made,,3.84,8.97,10.6,4.38,2.85,0.2,0.89
11158,Sauce. butter. prepacked,,2.2,5.2,17.9,1,12.1,1,1.36
11159,Cream sauce,,1.08,5.9,5.55,0.73,3,0.17,1.38
11160,Mushroom sauce. prepacked,,3.2,6.3,6.26,2.2,,2.25,0.9
11161,Cream sauce with spices,,1.16,6.2,5.75,0.95,3.12,0.65,1.29
11162,Cream sauce with herbs,,1.09,5.5,5.49,0.74,2.94,0.4,1.39
11163,Sweet and sour sauce. prepacked,,0.55,20.1,0.2,15.9,0.063,0.97,1.01
11164,Red wine sauce,,0.81,7,2.22,2.47,1.32,0.46,1.7
11170,Basque-style sauce or tomato sauce with sweet peppers. prepacked,63.1,1.17,7.41,2.71,4.46,0.49,2.09,1.13
11177,Tomato sauce. w mushrooms. prepacked,,1.79,7.78,2.68,4.58,0.26,2.35,1.04
11178,Tomato sauce. w olives. prepacked,,1.41,7.5,7.32,3.68,0.88,3.34,1.83
11179,Sauce. pesto. prepacked,370,3.94,6.6,35.4,3.2,4.39,2.5,2.64
11182,Sauce. pepper. warm. prepacked,,1,4.8,14.8,1.76,1.91,1.13,1.58
11189,Cheese sauce for risotto or pasta. prepacked,,3.11,4.24,9.53,0.68,7,1.4,1.38
11191,Roquefort (blue cheese) sauce. prepacked,,2.85,4.4,10.9,1.1,7.18,0.6,1.25
11192,Cream sauce with mushrooms. prepacked,,1.38,6.2,5,1.52,2.51,,0.96
11199,Grand veneur sauce (a reduction of red wine with garlic. shallots and red currant jelly). prepacked,,1.5,8.45,7,6.6,4.85,traces,1.14
11202,Indian-style sauce. tandoori or garam masala type. prepacked,,2.6,14.3,1.7,12.3,0.35,1.9,2.4
11207,Tomato sauce. w vegetables. prepacked,,1.54,7.57,2.9,5.22,0.35,2.12,0.99
11208,Tomato sauce. w cheese. prepacked,,3.94,8.09,14.2,4.6,3.83,2.41,1.31
11210,Sauce. pesto rosso. prepacked,,4.8,8.58,27,2.75,3.95,4.15,1.99
11218,Sauce. warm (average),,2.66,7.03,7.45,3.83,2.86,1.68,1.17
11302,Sorrel sauce. prepacked,,1.3,1.7,15,1.7,10,3.2,0.63
25600,Celeriac in remoulade sauce. prepacked,113,0.94,3.14,10.2,1.8,0.94,2.2,1.17
51502,Molokhia sauce. home-made,,1.13,0.2,21,,,8.4,0.95
11300,Chocolate sauce. prepacked,277,3.8,26.2,16.8,24.1,10.9,3,0.13
39700,Light custard cream with vanilla. prepacked,105,3.44,16.7,2.5,12.9,1.55,1,0.13
11004,Gherkin. pickled in vinegar,19.4,1.06,0.78,,0.6,,1.5,1.72
11013,Mustard,152,6.92,4.33,11.2,1.66,0.76,,6.3
11018,Vinegar,22.6,0.04,0.62,0.1,0.04,0,0,0.033
11021,Mustard. with grains,142,6.6,2.2,9.9,2.2,0.61,4.5,4.9
11040,Capers. pickled in vinegar,,2.18,3.5,0.86,0.41,0.23,3.6,4.06
11043,Tapenade (a puree of capers. pitted black olives. anchovy and herbs. with olive oil and lemon juice,,1.3,2.6,23,0.2,2.7,3.7,3.2
11055,Onion. pickled in vinegar,,0.56,2.5,0.2,1.98,0,1.8,2.36
11090,Vinegar. cider,,0,0.93,0,0.4,0,0,0.013
11091,Vinegar. balsamic,125,0.69,25.8,,19.1,0,0.5,0.068
11097,Gherkin. in sweet and sour sauce,36,1.25,5,0.35,4,0,1.5,1.1
11220,Vinegar from red wine,21.6,,traces,0,traces,,0,0.013
13032,Olives. black. in brine,,1.38,,17.2,0,2.08,6.2,1.77
13033,Olives. green. in brine,155,1.31,traces,15.7,traces,2.33,3.6,3.15
13131,Olives. black. in oil (Greek olive),332,2.19,,33.3,,4.02,11.6,8.45
13147,Olive. green. stuffed (anchovy. sweet peppers. etc…),,2.09,0.61,15.2,,2.63,4.33,2.78
13184,Olive (average),162,1.39,0.043,16.5,0.011,2.35,4.38,3.03
13186,Olives. black (average food),,1.49,0.05,19.5,0,2.35,6.97,2.72
11001,Broth. stock or bouillon. beef. dehydrated,240,10.2,19.7,13.3,3.95,7.03,0.65,33
11169,Veal stock for sauce and cooking. dehydrated,343,8.5,59.5,7.4,22.3,3.22,2.1,16.7
11171,Poultry stock for sauce and cooking. dehydrated,341,7.4,66.3,4.9,13.6,1.65,1.3,12.5
11172,Aromatic stock cube. for fish. dehydrated,260,5,7,23,4.5,16,2.5,47.5
11174,Broth. stock or bouillon. poultry. dehydrated,233,11.3,20.8,11.5,5.38,6.75,0.58,49.6
11175,Madeira wine aspic. dehydrated,248,44.5,17,0.2,1.25,0.1,0.1,28.6
11176,Madeira wine aspic,11.3,2,0.8,0.01,0.1,0.004,0.004,1.48
11304,Veal stock. prepacked,40.9,3.15,2.4,2.05,0.7,1,0.1,1.1
25525,Topping sauce for pizza,38.5,2.12,3.2,0.73,3.2,0.1,4.17,0.59
25918,Broth. stock or bouillon. meat and vegetables. dehydrated,213,10.3,17.7,11.1,2.87,5.85,0.67,54.1
25970,Broth. stock or bouillon. meat and vegetables. with fat. dehydrated,212,11.6,28.9,5.4,2.8,1.4,0,48.4
25971,Broth. stock or bouillon. meat and vegetables. defatted. dehydrated,197,10.8,30.9,3.1,2.2,1.08,0,48.2
11017,Salt. white (sea. igneous or rock). no enrichment,0,0,0,0,0,0,0,97.8
11044,Celery salt,49,1.81,4.14,2.53,0,,1.19,87.5
11058,Salt. white (sea. igneous or rock). iodine added. no other enrichment,0,0,0,0,0,,0,97.8
11082,Pure sea salt. no enrichment,0,0,0,0,0,,0,94.3
11083,Sea salt. grey. no enrichment,0,0,0,0,0,,0,80.5
11096,Salt. white (sea. igneous or rock). iodine added. fluoride added 25 mg/100 g,0,0,0,0,0,,0,97.8
11005,Curry. powder,301,14.5,2.63,14,2.63,1.65,53.2,0.13
11006,Ginger. powder,335,8.98,58.3,4.24,3.39,2.6,14.1,0.068
11015,Black pepper. powder,330,13.3,39.5,7.5,0.64,2.9,25.7,0.036
11019,White pepper. powder,310,11.4,48.3,2.11,,0.63,26.2,0.013
11025,Cinnamon. powder,243,3.87,27.5,1.22,2.17,0.44,53.1,0.025
11026,Coriander. seed,346,12.4,13,17.8,,0.97,41.9,0.088
11039,Saffron,352,11.4,61.5,5.85,42.4,1.59,3.9,0.37
11042,Cumin. seed,427,17.8,33.7,22.3,2.25,1.54,10.5,0.42
11048,Nutmeg,507,5.3,28.5,36.3,2.99,25.9,20.8,0.04
11049,Paprika,319,14.1,19.1,12.9,10.3,2.14,34.9,0.17
11052,Cloves,335,5.97,31.6,13,2.38,3.95,33.9,0.69
11053,Bay. leaves,353,7.61,48.6,8.36,48.6,2.28,26.3,0.058
11056,Mix of 4 spices,348,6.09,50.5,8.69,,2.55,21.6,0.19
11057,Vanilla. pod,,,,,,,,0
11061,Poppy. seed,551,19.7,13.7,43.1,2.99,4.69,14.8,0.059
11064,Caraway. seed,334,19.8,11.9,14.6,0.64,0.62,38,0.043
11065,Vanilla. alcoholic extract,240,0.05,2.41,0,,,0,0.01
11066,Fennel. seed,326,15.7,12.5,14.9,12.5,0.48,39.8,0.22
11074,Ginger. raw,32.9,1.1,3.4,1.1,1,0.09,2.7,0.016
11075,Cardamom. powder,321,10.8,40.5,6.7,,,28,0.045
11077,Fenugreek. seed,350,27.1,33.8,6.41,8.7,1.46,24.6,0.17
11081,Spice (average),346,12.3,37.7,10.4,2.14,4.84,25.9,0.048
11088,Cayenne pepper,376,12,29.4,17.3,10.3,3.26,27.2,0.075
11089,Turmeric. powder,291,9.68,44.4,3.25,3.21,1.84,22.7,0.068
11098,Vanilla. aqueous extract,57.7,0.03,14.4,0,14.4,0,0,0.0075
11000,Garlic. fresh,111,5.31,18.6,,1.2,,5.8,0.023
11002,Chervil. fresh,39.9,3.72,3.63,0.6,0.6,0.22,2.55,0.038
11003,Chive or spring onion. fresh,29.7,2.57,2.1,0.52,1.75,0.15,3.19,0.028
11014,Parsley. fresh,43,3.71,3.48,0.63,0.95,0.1,4.3,0.59
11016,Horseradish. fresh,,7.5,13,0.7,,0.11,7.5,0.015
11027,Mint. fresh,57.6,3.52,5.3,0.84,5.3,0.22,7.4,0.076
11033,Basil. fresh,34.8,3.35,2.55,0.47,0.37,0.13,3.47,0.028
11068,Rosemary. fresh,121,3.31,6.6,5.86,,2.84,14.1,0.065
11069,Sage. fresh,36.7,4,0.97,,0.3,,7,0.028
11070,Thyme. fresh,107,5.56,10.5,1.68,,0.47,14,0.023
11080,Herbs. fresh (average),49.4,3.58,4.15,0.8,1.99,0.2,5.64,0.28
11092,Tarragon. fresh,44,3.8,4.1,traces,1.2,0.6,6.2,0.025
11093,Dill. fresh,48.2,3.93,3.9,1.1,1.2,0.27,3.5,0.15
11094,Coriander. fresh,22.3,2.13,0.87,0.52,0.87,0.014,2.8,0.12
11306,Garlic. roasted/baked,127,5.56,23.8,,1.4,,2.7,
11307,Garlic. sautéed/pan-fried. without fat,130,6,22,0.4,1,0.2,5.8,
11023,Garlic. powder. dried,344,16.7,62.8,0.77,2.43,0.2,9.45,0.11
11024,Parsley. dried,291,29,16.8,5.34,7.27,1.38,29.7,1.05
11029,Mint. dried,283,19.9,22.2,6.03,,1.58,29.8,0.86
11032,Basil. dried,244,23,10.1,4.07,1.71,2.16,37.7,0.19
11034,Marjoram. dried,276,12.7,20.3,7.04,4.09,0.53,40.3,0.19
11035,Oregano. dried,265,9,26.4,4.28,4.09,1.55,42.5,0.063
11036,Rosemary. dried,328,4.88,21.5,15.2,,7.37,42.6,0.13
11037,Sage. dried,320,10.6,20.4,12.8,1.71,7.03,40.3,0.028
11038,Thyme. dried,285,9.11,26.9,7.43,1.71,2.73,37,0.14
11060,Provence herbs. dried,283,11.5,23,7.2,18.5,1.88,40.1,0.088
11062,Savory. dried,264,6.73,23,5.91,,3.26,45.7,0.06
51500,Molokhia powder (dried jute leaves),239,23,12.7,1.8,,,40,0.17
11084,Seaweed. agar. raw,,0.54,6.25,0.03,0.28,0.006,0.5,0.023
11085,Seaweed. agar. dried,,4.36,,0.3,2.97,0.061,,0.13
11086,Spirulina. (spirulina sp.). dried,,57.5,20.3,7.72,3.1,2.65,3.6,2.62
20984,Wakame (Undaria pinnatifida). dried or dehydrated,184,14.1,5.7,2.51,,0.3,41.4,12.9
20985,Sea lettuce (ulva sp.). dried or dehydrated),206,15.9,13.8,2.03,,0.36,34.4,4.93
20986,Sea belt (Saccharina latissima). dried or dehydrated,204,10.3,23.6,1.07,,0.25,29.3,9.08
20987,Laver (Porphyra sp.). dried or dehydrated,255,31.5,10.5,1.63,,,36.3,4.96
20988,Dulse (Palmaria palmata). dried or dehydrated,227,17.2,22.6,1.33,,,28,4.15
20990,Kombu or Japanese kelp (Laminaria japonica). dried or dehydrated,224,8.38,24.2,2.65,,0.74,34.8,6.41
20991,Tangle (Laminaria digitata). dried or dehydrated,217,9.51,25.6,1.13,,0.15,33.2,7.87
20992,Sea thong (Himanthalia elongata). dried or dehydrated,239,10.1,28.3,2.63,,,31,9.22
20993,Gracilaria seaweeds (Gracilaria verrucosa). dried or dehydrated,243,16.5,18.8,3.54,,,35,7.8
20994,Toothed wrack or bladder wrack (Fucus serratus et vesiculosus). dried or dehydrated,194,7.41,15.7,1.33,,0.35,44.6,10.1
20995,Sea lettuce (Enteromorpha sp.). dried or dehydrated,224,13.7,18.8,2.47,,0.23,36,11.9
20996,Carragheen mosses (Chondrus crispus). dried or dehydrated,234,16.6,21.5,2.3,,0.1,30.6,5.17
20998,North Atlantic rockweed (Ascophyllum nodosum). dried or dehydrated,211,7.22,18.5,2.78,,,41.8,7.15
20999,Atlantic wakame (Alaria esculenta). dried or dehydrated,187,12.3,6.28,1.53,,,49.5,4.81
18350,Dietary drink for sport,,,5.26,0.14,5.26,0,0,0.13
42000,Meal replacement low calorie. Custard cream dessert-type,96.8,6.43,11.1,2.75,6.57,0.98,1.18,0.21
42003,Meal replacement low calorie. ready-to-drink,90.6,6.79,10.4,2.45,7.2,0.55,,0.19
42004,Meal replacement low calorie. in powder. reconstituted with skimmed milk,82,6.09,10.1,1.73,9.3,0.2,1.18,0.43
42005,Meal replacement low calorie. in powder. reconstituted with skimmed milk. milkshake type,87,6.19,10.2,2.28,10,0.28,0.63,0.19
9621,Wheat bran,279,15.4,23.6,4.35,2.46,0.84,42,0.033
9640,Oat bran,359,15.8,51,6.48,2.23,1.16,16.7,0.016
9641,Maize/corn bran,226,8.36,6.65,0.92,0,0.13,79,0.018
9643,Rice bran,398,13.9,28.1,20.9,0.9,4.17,21,0.013
9647,Bran (average),344,15.7,46,6.09,2.27,1.1,21.3,0.019
9660,Wheat germ,375,27.2,35.1,9.5,10,1.83,16.3,0.018
11007,Gelatine. dried,348,86.9,0,0.1,,0.036,0,0.75
11009,Nutritional yeast,334,40.4,21.8,4.5,2.5,0.7,22.5,0.35
11010,Baker's yeast. compressed,,8.23,11.9,1.9,0,0.26,7.15,0.058
11045,Baker's yeast. dehydrated,,44.5,17.9,6.37,0,1.5,23.3,0.56
11046,Baking powder or raising agent,,1.96,33.2,0.2,0.1,,1.9,
11214,"Soy ""cream"" preparation",,3.25,2.03,14.7,1.6,1.65,,0.063
11507,Sodium bicarbonate,0.4,0.1,0,0,0,0,0,
20906,Tofu silky,54.3,4.57,1.53,2.9,1.13,0.47,0.6,
20916,Miso,,10.7,18.1,5.31,6.2,1.01,5.4,8.35
20918,Syrup for canned fruits in syrup,,,18.4,,14.9,,,0.019
20919,Light syrup for canned fruits in syrup,,0.34,15,,13.6,,,0.011
20920,Pineapple juice for canned pineapple,,,13.7,,12.2,,,0.0014
20924,Light syrup for canned pears,60.7,,14.6,,12.5,,,0.0043
31047,Gelling agent for jam,278,0,62,0,62,,15,
31108,Royal jelly,,13,14,4,14,,,
31109,Pollen. partially dried,358,21.9,52.5,4.2,36.5,,11.3,0.22
31111,Pollen. fresh,285,17.5,37.7,5.17,26.8,1.81,9.07,
37000,cream sauce for pizza base,261,7.7,51.1,2.6,1.8,0.8,1,1.75
37002,Tomato sauce for pizza base,232,6.9,44.6,2.7,1.5,0.8,1,1.75
42200,Soy lecithin,779,0,8,83,3.3,12.6,traces,0.038
9621,Wheat bran,,,,,,,,
3000,Baby milk. first age. powder,496,10.9,55,25.3,38.7,,2.48,0.4
3002,Baby milk. second age. powder,484,11.6,56.3,23.2,36.4,,2.14,0.46
13159,Fruit-based beverage for baby from 4/6 months,,,9.5,,8.23,,,0.0017
13160,Plant-based beverage for baby,,,5.8,,4.97,,,0.0017
13161,Dairy cereal-based beverage with vegetables for baby's dinner from 4/6 months,82.1,2.14,11.6,2.83,3.71,1.42,0.9,0.09
13162,Dairy cereal-based beverage with fruits for baby's snack from 4/6 months,67.6,1.75,7.7,3,6.8,1.23,1.5,0.096
13163,Dairy cereal-based beverage for baby's breakfast from 4/6 months,83.7,1.98,12.1,2.7,5.7,1.26,,0.08
13169,Dairy cereal-based beverage for baby's breakfast from 8/9 months,84.2,2.36,11.6,2.8,5.57,1.26,,0.083
13170,Dairy cereal-based beverage for baby's breakfast from 12 months,86.3,2.23,12.6,2.78,4.7,1.19,1.1,0.066
13171,Milky beverage w fruits (without cereals) for baby's snack from 4/6 months,75.5,1.85,10.4,2.6,5.78,1.15,,0.048
13172,Milky cereal-based beverage w vegetables for baby's dinner from 4/6 months,,,23.6,8.93,16.2,,1.45,0.094
13173,Dairy cereal-based beverage for baby's breakfast,85.5,1.9,12.7,2.89,4.7,1.23,0.6,0.083
13182,Milky cereal-based beverage(average),86.3,2.22,12.6,2.78,4.71,1.19,1.1,0.066
19012,Baby milk. growing up milk. ready to feed,60.9,1.28,7.77,2.71,5.98,1.1,0,0.06
19013,Baby milk. first milk. ready to feed,71.8,1.21,8.04,3.79,6.72,1.48,,0.04
19014,Baby milk. follow on milk. ready to feed,65.1,1.21,8.23,2.9,5.63,1.14,0.5,0.055
19015,Baby milk. for premature infant. ready to feed,,,48.5,24.7,35,,3.55,0.93
20246,Baby food jar with vegetables. from 4-6 months,26.3,0.9,3.8,,3.7,,2.6,0.042
20247,Baby food jar with vegetables and starch. from 4-6 months,41.7,1.3,6.45,0.8,0.5,0.088,1.75,0.022
20248,Vegetable dish for baby. with starch. from 6-8 months,42.9,1.2,6.9,0.7,2.8,0.066,2.1,0.24
20249,Vegetable dish for baby. with milk/cream and starch. from 6-8 months,70.2,2.38,9.12,2.3,4.62,0.29,1.5,0.075
20250,Vegetable dish for baby. with milk/cream and starch. from 8-12 months,77.5,2.1,8.1,3.5,3.4,1.31,2.6,0.27
20251,Vegetable dish for baby. with milk/cream and starch. from 12 months,71.6,2.88,8.53,2.3,2.37,0.26,2.4,0.2
20252,Soup for baby. with vegetables and potatoes,38.5,1,5.88,0.91,1.32,0.16,1.4,0.18
20253,Soup for baby. with vegetables. cereals and milk,59.5,1.5,7.19,2.5,3.23,0.41,0.9,0.21
20254,Vegetable dish for baby. with milk/cream and starch. from 18 months,70.3,2.56,8.59,2.4,2.71,0.77,1.4,0.2
42603,Vegetable dish for baby. w meat/fish and starch. from 6-8 months,59,3.6,5.9,1.6,1.6,0.26,3.3,0.2
42604,Vegetable dish for baby. w meat/fish and starch. from 8-12 months,54.9,2.8,6.77,1.31,1.37,0.26,2.45,0.24
42605,Vegetable dish for baby. w meat/fish and starch. from 12 months,75.7,2.5,8.95,2.9,0.9,0.53,1.9,0.24
42606,Vegetable dish for baby. w meat/fish and starch. from 18 months,68.3,2.82,9.02,1.98,1.49,0.58,1.57,0.32
13157,Baby food jar with banana,,0.6,12.4,,12,,2.3,0.0042
13158,Baby food jar without banana,,0.29,11.9,,10.2,,2.07,0.002
13164,Dairy dessert for baby. custard type,90,3.32,11.3,3.1,8.55,1.74,,0.088
13165,Dairy dessert for baby. with rice or semolina,93.8,3.45,11.7,3.3,8.65,2.21,,0.075
13166,Dairy dessert for baby. plain with sugar or with fruits,100,3.19,12.5,3.5,9.26,2.28,,0.075
13167,Instant cereal (powder to be reconstituted) for baby from 4/6 months,393,5.1,88.3,1.7,12.7,0.64,1.8,0.041
13168,Instant cereal (powder to be reconstituted) for baby from 6 months,391,10,81.1,2,32.8,0.61,4.3,0.037
24689,Biscuit for baby,439,7.5,73.3,12.3,24.8,4.35,2.4,0.36
42501,Cocoa powder for baby beverage,396,8.5,85,1.9,44.5,0.92,2.2,0.044
